1 , 2 , 0.36 , 0.00 , 0.93 , 0.00 , -0.15 , 0.33 , -0.40 , -0.84 , 90.00 , 21.00 , 0.00 , 523.51 , -0.11 , 8.54 , 75.78 , 39.18 , -3.07 , 3.35 , 0 , -14.22 , 18.18
1 , 2 , 0.27 , 0.00 , 0.96 , 0.00 , 0.27 , 0.03 , 0.96 , -0.11 , 110.00 , 21.00 , 0.00 , 523.51 , -0.11 , 8.53 , 97.22 , 44.35 , -2.72 , 4.53 , 0 , -12.78 , 23.35
1 , 2 , 1.00 , 0.00 , -0.00 , 0.00 , -0.62 , 0.78 , -0.00 , -0.00 , -100.00 , 21.00 , 0.00 , 523.51 , 0.00 , 8.46 , -99.86 , 51.79 , 0.03 , 6.16 , 0 , 0.14 , 30.79
1 , 2 , 0.07 , 0.00 , 1.00 , 0.00 , -0.03 , -0.06 , -0.48 , 0.88 , 150.00 , 21.00 , 0.00 , 523.51 , -0.11 , 8.37 , 145.87 , 51.21 , -0.86 , 6.04 , 0 , -4.13 , 30.21
1 , 2 , -0.00 , 0.71 , -0.00 , 0.71 , 0.00 , 0.71 , -0.00 , 0.71 , 170.00 , 21.00 , 0.00 , 523.51 , 0.00 , 8.53 , 170.01 , 25.59 , 0.00 , 0.00 , 0 , 0.01 , 4.59
1 , 2 , -0.00 , 0.71 , -0.00 , 0.71 , 0.00 , 0.71 , -0.00 , 0.71 , 190.00 , 21.00 , 0.00 , 523.51 , 0.00 , 8.53 , 190.01 , 25.59 , 0.00 , 0.00 , 0 , 0.01 , 4.59
1 , 2 , 0.96 , 0.00 , 0.30 , 0.00 , 0.77 , -0.56 , 0.24 , 0.17 , -40.00 , 21.00 , 0.00 , 523.51 , 0.11 , 8.53 , -26.56 , 42.88 , 2.87 , 4.20 , 0 , 13.44 , 21.88
1 , 2 , 0.88 , 0.00 , 0.48 , 0.00 , 0.28 , 0.83 , 0.15 , -0.46 , -0.00 , 21.00 , 0.00 , 523.51 , 0.10 , 8.39 , 12.67 , 32.59 , 2.79 , 1.78 , 0 , 12.67 , 11.59
1 , 2 , 0.76 , 0.00 , 0.64 , 0.00 , -0.52 , 0.56 , -0.44 , -0.48 , 230.00 , 21.00 , 0.00 , 523.51 , 0.03 , 8.39 , 234.54 , 26.04 , 1.02 , 0.17 , 0 , 4.54 , 5.04
1 , 2 , 0.70 , 0.00 , 0.72 , 0.00 , 0.64 , -0.27 , 0.66 , 0.28 , 15.00 , 21.00 , 0.00 , 523.51 , -0.01 , 8.39 , 14.20 , 25.37 , -0.18 , 0.01 , 0 , -0.80 , 4.37
1 , 2 , 0.17 , 0.00 , 0.99 , 0.00 , 0.05 , -0.16 , 0.29 , 0.94 , 130.00 , 21.00 , 0.00 , 523.51 , -0.20 , 8.32 , 120.77 , 48.61 , -1.94 , 5.47 , 0 , -9.23 , 27.61
1 , 2 , 1.00 , 0.00 , 0.10 , 0.00 , -0.33 , 0.94 , -0.03 , -0.09 , -80.00 , 21.00 , 0.00 , 523.51 , 0.13 , 8.37 , -74.26 , 50.65 , 1.20 , 5.92 , 0 , 5.74 , 29.65
1 , 2 , 0.92 , 0.00 , 0.39 , 0.00 , -0.81 , -0.44 , -0.34 , 0.19 , -20.00 , 21.00 , 0.00 , 523.51 , 0.17 , 8.38 , -5.79 , 37.61 , 3.08 , 2.99 , 0 , 14.21 , 16.61
1 , 2 , 0.83 , 0.00 , 0.56 , 0.00 , 0.22 , -0.79 , 0.15 , 0.55 , 210.00 , 21.00 , 0.00 , 523.51 , 0.06 , 8.39 , 219.27 , 28.57 , 2.07 , 0.80 , 0 , 9.27 , 7.56
1 , 2 , 0.98 , 0.00 , 0.20 , 0.00 , 0.59 , 0.78 , 0.12 , -0.16 , -60.00 , 21.00 , 0.00 , 523.51 , 0.21 , 8.33 , -49.53 , 47.50 , 2.21 , 5.23 , 0 , 10.47 , 26.50
1 , 2 , 0.62 , 0.00 , 0.78 , 0.00 , -0.62 , -0.04 , -0.78 , 0.05 , 30.00 , 21.00 , 0.00 , 523.51 , -0.03 , 8.53 , 24.02 , 26.68 , -1.34 , 0.31 , 0 , -5.98 , 5.68
1 , 2 , 0.45 , 0.00 , 0.89 , 0.00 , -0.16 , -0.43 , -0.31 , 0.83 , 70.00 , 21.00 , 0.00 , 523.51 , -0.11 , 8.39 , 56.71 , 33.98 , -2.92 , 2.10 , 0 , -13.29 , 12.98
1 , 2 , 0.54 , 0.00 , 0.84 , 0.00 , 0.47 , 0.28 , 0.72 , -0.43 , 50.00 , 21.00 , 0.00 , 523.51 , -0.07 , 8.39 , 39.56 , 29.59 , -2.32 , 1.05 , 0 , -10.44 , 8.59
1 , 2 , 0.70 , 0.00 , 0.72 , 0.00 , 0.64 , -0.29 , 0.65 , 0.29 , 15.00 , 21.00 , 0.00 , 555.64 , -0.01 , 8.92 , 14.16 , 25.92 , -0.19 , 0.01 , 0 , -0.84 , 4.92
1 , 2 , -0.00 , 0.71 , -0.00 , 0.71 , 0.00 , 0.71 , -0.00 , 0.71 , 170.00 , 21.00 , 0.00 , 555.64 , 0.00 , 8.92 , 170.01 , 26.17 , 0.00 , 0.00 , 0 , 0.01 , 5.17
1 , 2 , 0.96 , 0.00 , 0.30 , 0.00 , 0.95 , 0.06 , 0.29 , -0.02 , -40.00 , 21.00 , 0.00 , 555.64 , 0.21 , 8.90 , -25.78 , 44.30 , 3.05 , 4.45 , 0 , 14.22 , 23.30
1 , 2 , 0.17 , 0.00 , 0.99 , 0.00 , -0.08 , -0.15 , -0.49 , 0.85 , 130.00 , 21.00 , 0.00 , 555.64 , -0.20 , 8.85 , 120.23 , 50.35 , -2.06 , 5.81 , 0 , -9.77 , 29.35
1 , 2 , 0.83 , 0.00 , 0.56 , 0.00 , 0.44 , -0.70 , 0.30 , 0.48 , 210.00 , 21.00 , 0.00 , 555.64 , 0.06 , 8.92 , 219.82 , 29.28 , 2.19 , 0.85 , 0 , 9.82 , 8.28
1 , 2 , 0.45 , 0.00 , 0.89 , 0.00 , 0.08 , -0.45 , 0.16 , 0.88 , 70.00 , 21.00 , 0.00 , 483.90 , -0.11 , 7.73 , 57.58 , 32.87 , -2.70 , 1.94 , 0 , -12.42 , 11.87
1 , 2 , 0.27 , 0.00 , 0.96 , 0.00 , 0.15 , 0.22 , 0.55 , -0.79 , 110.00 , 21.00 , 0.00 , 483.90 , -0.21 , 7.70 , 98.09 , 42.60 , -2.51 , 4.18 , 0 , -11.91 , 21.60
1 , 2 , -0.00 , 0.71 , -0.00 , 0.71 , 0.00 , 0.71 , -0.00 , 0.71 , 190.00 , 21.00 , 0.00 , 555.64 , 0.00 , 8.92 , 190.01 , 26.17 , 0.00 , 0.00 , 0 , 0.01 , 5.17
1 , 2 , 0.92 , 0.00 , 0.39 , 0.00 , -0.43 , -0.81 , -0.18 , 0.34 , -20.00 , 21.00 , 0.00 , 555.64 , 0.17 , 8.92 , -4.95 , 38.78 , 3.27 , 3.17 , 0 , 15.05 , 17.78
1 , 2 , 0.76 , 0.00 , 0.64 , 0.00 , -0.58 , 0.49 , -0.49 , -0.42 , 230.00 , 21.00 , 0.00 , 555.64 , 0.03 , 8.92 , 234.79 , 26.62 , 1.08 , 0.18 , 0 , 4.79 , 5.62
1 , 2 , 0.62 , 0.00 , 0.78 , 0.00 , -0.60 , -0.16 , -0.76 , 0.20 , 30.00 , 21.00 , 0.00 , 483.90 , -0.04 , 7.73 , 24.41 , 25.98 , -1.24 , 0.28 , 0 , -5.60 , 4.98
1 , 2 , 0.98 , 0.00 , 0.20 , 0.00 , -0.14 , 0.97 , -0.03 , -0.20 , -60.00 , 21.00 , 0.00 , 555.64 , 0.21 , 8.87 , -48.92 , 49.17 , 2.34 , 5.55 , 0 , 11.08 , 28.17
1 , 2 , 0.07 , 0.00 , 1.00 , 0.00 , 0.04 , -0.06 , 0.54 , 0.84 , 150.00 , 21.00 , 0.00 , 483.90 , -0.11 , 7.71 , 146.17 , 48.90 , -0.80 , 5.58 , 0 , -3.83 , 27.90
1 , 2 , 0.36 , 0.00 , 0.93 , 0.00 , 0.08 , 0.35 , 0.20 , -0.91 , 90.00 , 21.00 , 0.00 , 555.64 , -0.19 , 8.92 , 74.90 , 40.47 , -3.26 , 3.56 , 0 , -15.10 , 19.47
1 , 2 , 0.88 , 0.00 , 0.48 , 0.00 , -0.09 , 0.87 , -0.05 , -0.48 , -0.00 , 21.00 , 0.00 , 555.64 , 0.10 , 8.92 , 13.37 , 33.48 , 2.96 , 1.89 , 0 , 13.37 , 12.48
1 , 2 , 0.54 , 0.00 , 0.84 , 0.00 , 0.33 , 0.43 , 0.52 , -0.66 , 50.00 , 21.00 , 0.00 , 483.90 , -0.07 , 7.73 , 40.24 , 28.73 , -2.15 , 0.97 , 0 , -9.76 , 7.73
1 , 2 , 1.00 , 0.00 , 0.10 , 0.00 , -0.92 , 0.37 , -0.09 , -0.04 , -80.00 , 21.00 , 0.00 , 555.64 , 0.13 , 8.90 , -73.92 , 52.50 , 1.27 , 6.28 , 0 , 6.08 , 31.50
1 , 2 , 1.00 , 0.00 , -0.00 , 0.00 , 0.35 , 0.93 , 0.00 , -0.00 , -100.00 , 21.00 , 0.00 , 483.90 , 0.00 , 7.71 , -99.88 , 49.54 , 0.03 , 5.69 , 0 , 0.13 , 28.54
1 , 2 , 0.36 , 0.00 , 0.93 , 0.00 , -0.36 , 0.07 , -0.91 , -0.18 , 90.00 , 21.00 , 0.00 , 474.03 , -0.11 , 7.71 , 77.04 , 37.32 , -2.78 , 3.03 , 0 , -12.96 , 16.32
1 , 2 , 0.62 , 0.00 , 0.78 , 0.00 , -0.59 , -0.20 , -0.74 , 0.25 , 30.00 , 21.00 , 0.00 , 474.03 , -0.03 , 7.71 , 24.53 , 25.80 , -1.22 , 0.28 , 0 , -5.47 , 4.80
1 , 2 , 0.27 , 0.00 , 0.96 , 0.00 , 0.09 , 0.25 , 0.31 , -0.91 , 110.00 , 21.00 , 0.00 , 474.03 , -0.11 , 7.71 , 98.37 , 42.06 , -2.46 , 4.10 , 0 , -11.63 , 21.06
1 , 2 , 0.07 , 0.00 , 1.00 , 0.00 , 0.05 , -0.05 , 0.74 , 0.66 , 150.00 , 21.00 , 0.00 , 474.03 , -0.08 , 7.63 , 146.25 , 48.32 , -0.78 , 5.47 , 0 , -3.75 , 27.32
1 , 2 , 1.00 , 0.00 , -0.00 , 0.00 , 0.66 , 0.75 , 0.00 , -0.00 , -100.00 , 21.00 , 0.00 , 474.03 , 0.00 , 7.64 , -99.88 , 48.79 , 0.03 , 5.58 , 0 , 0.12 , 27.79
1 , 2 , 1.00 , 0.00 , 0.10 , 0.00 , 0.83 , 0.54 , 0.08 , -0.05 , -80.00 , 21.00 , 0.00 , 474.03 , 0.10 , 7.63 , -74.78 , 47.81 , 1.09 , 5.36 , 0 , 5.22 , 26.81
1 , 2 , -0.00 , 0.71 , -0.00 , 0.71 , 0.00 , 0.71 , -0.00 , 0.71 , 190.00 , 21.00 , 0.00 , 474.03 , 0.00 , 7.71 , 190.01 , 24.76 , 0.00 , 0.00 , 0 , 0.01 , 3.76
1 , 2 , -0.00 , 0.71 , -0.00 , 0.71 , 0.00 , 0.71 , -0.00 , 0.71 , 170.00 , 21.00 , 0.00 , 474.03 , 0.00 , 7.71 , 170.01 , 24.76 , 0.00 , 0.00 , 0 , 0.01 , 3.76
1 , 2 , 0.70 , 0.00 , 0.72 , 0.00 , 0.65 , -0.25 , 0.67 , 0.26 , 15.00 , 21.00 , 0.00 , 474.03 , -0.00 , 7.71 , 14.27 , 24.59 , -0.16 , 0.00 , 0 , -0.73 , 3.59
1 , 2 , 0.88 , 0.00 , 0.48 , 0.00 , 0.73 , 0.49 , 0.40 , -0.27 , -0.00 , 21.00 , 0.00 , 474.03 , 0.08 , 7.71 , 11.57 , 31.26 , 2.53 , 1.61 , 0 , 11.57 , 10.26
1 , 2 , 0.96 , 0.00 , 0.30 , 0.00 , -0.12 , -0.95 , -0.04 , 0.29 , -40.00 , 21.00 , 0.00 , 474.03 , 0.11 , 7.71 , -27.76 , 40.71 , 2.60 , 3.80 , 0 , 12.24 , 19.71
1 , 2 , 0.54 , 0.00 , 0.84 , 0.00 , 0.28 , 0.46 , 0.43 , -0.72 , 50.00 , 21.00 , 0.00 , 474.03 , -0.06 , 7.71 , 40.46 , 28.50 , -2.10 , 0.95 , 0 , -9.54 , 7.50
1 , 2 , 0.83 , 0.00 , 0.56 , 0.00 , -0.13 , -0.81 , -0.09 , 0.56 , 210.00 , 21.00 , 0.00 , 474.03 , 0.05 , 7.71 , 218.47 , 27.55 , 1.87 , 0.72 , 0 , 8.47 , 6.54
1 , 2 , 0.17 , 0.00 , 0.99 , 0.00 , 0.17 , -0.00 , 0.99 , 0.02 , 130.00 , 21.00 , 0.00 , 474.03 , -0.11 , 7.71 , 121.61 , 45.95 , -1.76 , 4.95 , 0 , -8.39 , 24.95
1 , 2 , 0.76 , 0.00 , 0.64 , 0.00 , -0.40 , 0.65 , -0.33 , -0.55 , 230.00 , 21.00 , 0.00 , 474.03 , 0.03 , 7.71 , 234.16 , 25.21 , 0.92 , 0.16 , 0 , 4.16 , 4.21
1 , 2 , 0.98 , 0.00 , 0.20 , 0.00 , 0.94 , -0.29 , 0.19 , 0.06 , -60.00 , 21.00 , 0.00 , 474.03 , 0.12 , 7.71 , -50.48 , 44.94 , 2.00 , 4.73 , 0 , 9.52 , 23.94
1 , 2 , 0.45 , 0.00 , 0.89 , 0.00 , 0.16 , -0.43 , 0.31 , 0.83 , 70.00 , 21.00 , 0.00 , 474.03 , -0.09 , 7.71 , 57.87 , 32.54 , -2.65 , 1.91 , 0 , -12.13 , 11.54
1 , 2 , 0.92 , 0.00 , 0.39 , 0.00 , -0.84 , 0.37 , -0.36 , -0.16 , -20.00 , 21.00 , 0.00 , 474.03 , 0.10 , 7.71 , -7.10 , 35.83 , 2.79 , 2.70 , 0 , 12.90 , 14.83
1 , 2 , 1.00 , 0.00 , -0.00 , 0.00 , 1.00 , -0.10 , 0.00 , 0.00 , -100.00 , 21.00 , 0.00 , 439.55 , 0.00 , 6.97 , -99.89 , 46.75 , 0.02 , 5.17 , 0 , 0.11 , 25.75
1 , 2 , 0.07 , 0.00 , 1.00 , 0.00 , 0.07 , 0.02 , 0.97 , -0.21 , 150.00 , 21.00 , 0.00 , 439.55 , -0.11 , 6.97 , 146.51 , 46.31 , -0.72 , 5.07 , 0 , -3.49 , 25.31
1 , 2 , -0.00 , 0.71 , -0.00 , 0.71 , 0.00 , 0.71 , -0.00 , 0.71 , 190.00 , 21.00 , 0.00 , 439.55 , 0.00 , 6.99 , 190.01 , 24.23 , 0.00 , 0.00 , 0 , 0.01 , 3.23
1 , 2 , 1.00 , 0.00 , 0.10 , 0.00 , 0.93 , -0.34 , 0.09 , 0.03 , -80.00 , 21.00 , 0.00 , 439.55 , 0.13 , 6.97 , -75.15 , 45.84 , 1.01 , 4.97 , 0 , 4.85 , 24.84
1 , 2 , 0.96 , 0.00 , 0.30 , 0.00 , -0.68 , -0.68 , -0.20 , 0.20 , -40.00 , 21.00 , 0.00 , 439.55 , 0.12 , 7.00 , -29.08 , 39.84 , 2.33 , 3.65 , 0 , 10.92 , 18.84
1 , 2 , 0.92 , 0.00 , 0.39 , 0.00 , -0.50 , 0.77 , -0.21 , -0.33 , -20.00 , 21.00 , 0.00 , 439.55 , 0.17 , 6.98 , -7.94 , 34.69 , 2.58 , 2.51 , 0 , 12.07 , 13.69
1 , 2 , 0.83 , 0.00 , 0.56 , 0.00 , -0.37 , -0.74 , -0.25 , 0.51 , 210.00 , 21.00 , 0.00 , 439.55 , 0.06 , 6.99 , 217.91 , 26.87 , 1.74 , 0.67 , 0 , 7.91 , 5.87
1 , 2 , 0.70 , 0.00 , 0.72 , 0.00 , 0.66 , -0.23 , 0.68 , 0.24 , 15.00 , 21.00 , 0.00 , 439.55 , -0.01 , 6.99 , 14.32 , 24.09 , -0.15 , 0.00 , 0 , -0.68 , 3.09
1 , 2 , 0.27 , 0.00 , 0.96 , 0.00 , -0.12 , 0.24 , -0.43 , -0.86 , 110.00 , 21.00 , 0.00 , 439.55 , -0.21 , 6.96 , 99.18 , 40.47 , -2.28 , 3.80 , 0 , -10.82 , 19.47
1 , 2 , 0.88 , 0.00 , 0.48 , 0.00 , 0.87 , 0.12 , 0.48 , -0.06 , -0.00 , 21.00 , 0.00 , 439.55 , 0.08 , 7.13 , 10.79 , 30.37 , 2.35 , 1.50 , 0 , 10.79 , 9.36
1 , 2 , 0.54 , 0.00 , 0.84 , 0.00 , 0.10 , 0.53 , 0.16 , -0.83 , 50.00 , 21.00 , 0.00 , 439.55 , -0.07 , 6.99 , 41.10 , 27.77 , -1.95 , 0.89 , 0 , -8.90 , 6.77
1 , 2 , 0.36 , 0.00 , 0.93 , 0.00 , -0.32 , -0.16 , -0.83 , 0.42 , 90.00 , 21.00 , 0.00 , 439.55 , -0.19 , 6.98 , 77.93 , 36.04 , -2.58 , 2.81 , 0 , -12.07 , 15.04
1 , 2 , 0.17 , 0.00 , 0.99 , 0.00 , 0.11 , 0.13 , 0.64 , -0.75 , 130.00 , 21.00 , 0.00 , 439.55 , -0.20 , 6.92 , 122.20 , 44.10 , -1.63 , 4.59 , 0 , -7.80 , 23.10
1 , 2 , 0.76 , 0.00 , 0.64 , 0.00 , -0.30 , 0.70 , -0.25 , -0.59 , 230.00 , 21.00 , 0.00 , 439.55 , 0.03 , 6.99 , 233.88 , 24.68 , 0.86 , 0.15 , 0 , 3.88 , 3.68
1 , 2 , -0.00 , 0.71 , -0.00 , 0.71 , 0.00 , 0.71 , -0.00 , 0.71 , 170.00 , 21.00 , 0.00 , 439.55 , 0.00 , 6.99 , 170.01 , 24.23 , 0.00 , 0.00 , 0 , 0.01 , 3.23
1 , 2 , 0.62 , 0.00 , 0.78 , 0.00 , -0.54 , -0.30 , -0.68 , 0.38 , 30.00 , 21.00 , 0.00 , 439.55 , -0.04 , 6.99 , 24.89 , 25.23 , -1.13 , 0.26 , 0 , -5.11 , 4.23
1 , 2 , 0.45 , 0.00 , 0.89 , 0.00 , 0.35 , -0.30 , 0.68 , 0.58 , 70.00 , 21.00 , 0.00 , 439.55 , -0.11 , 6.99 , 58.69 , 31.57 , -2.45 , 1.77 , 0 , -11.31 , 10.57
1 , 2 , 0.98 , 0.00 , 0.20 , 0.00 , 0.39 , -0.90 , 0.08 , 0.18 , -60.00 , 21.00 , 0.00 , 439.55 , 0.21 , 6.94 , -51.15 , 43.16 , 1.85 , 4.39 , 0 , 8.85 , 22.16
1 , 2 , 0.36 , 0.00 , 0.93 , 0.00 , -0.33 , -0.14 , -0.86 , 0.36 , 90.00 , 21.00 , 0.00 , 443.03 , -0.19 , 7.04 , 77.84 , 36.17 , -2.60 , 2.84 , 0 , -12.16 , 15.17
1 , 2 , 0.45 , 0.00 , 0.89 , 0.00 , 0.33 , -0.31 , 0.65 , 0.61 , 70.00 , 21.00 , 0.00 , 443.03 , -0.11 , 7.05 , 58.61 , 31.67 , -2.47 , 1.78 , 0 , -11.39 , 10.66
1 , 2 , 0.54 , 0.00 , 0.84 , 0.00 , 0.12 , 0.53 , 0.19 , -0.82 , 50.00 , 21.00 , 0.00 , 443.03 , -0.07 , 7.05 , 41.04 , 27.84 , -1.96 , 0.89 , 0 , -8.96 , 6.84
1 , 2 , 0.62 , 0.00 , 0.78 , 0.00 , -0.55 , -0.29 , -0.69 , 0.37 , 30.00 , 21.00 , 0.00 , 443.03 , -0.04 , 7.05 , 24.86 , 25.28 , -1.14 , 0.26 , 0 , -5.14 , 4.28
1 , 2 , 0.96 , 0.00 , 0.30 , 0.00 , -0.69 , -0.66 , -0.21 , 0.20 , -40.00 , 21.00 , 0.00 , 443.03 , 0.21 , 7.02 , -28.53 , 39.37 , 2.43 , 3.55 , 0 , 11.47 , 18.36
1 , 2 , 0.92 , 0.00 , 0.39 , 0.00 , -0.55 , 0.74 , -0.23 , -0.31 , -20.00 , 21.00 , 0.00 , 443.03 , 0.17 , 7.04 , -7.85 , 34.81 , 2.60 , 2.53 , 0 , 12.15 , 13.81
1 , 2 , 0.07 , 0.00 , 1.00 , 0.00 , 0.07 , 0.01 , 0.99 , -0.12 , 150.00 , 21.00 , 0.00 , 443.03 , -0.11 , 7.03 , 146.49 , 46.51 , -0.73 , 5.11 , 0 , -3.52 , 25.51
1 , 2 , 0.76 , 0.00 , 0.64 , 0.00 , -0.31 , 0.70 , -0.26 , -0.59 , 230.00 , 21.00 , 0.00 , 443.03 , 0.03 , 7.05 , 233.91 , 24.73 , 0.86 , 0.15 , 0 , 3.91 , 3.73
1 , 2 , 1.00 , 0.00 , -0.00 , 0.00 , 1.00 , 0.02 , 0.00 , 0.00 , -100.00 , 21.00 , 0.00 , 443.03 , 0.00 , 7.03 , -99.89 , 47.00 , 0.02 , 5.21 , 0 , 0.11 , 26.00
1 , 2 , 0.70 , 0.00 , 0.72 , 0.00 , 0.66 , -0.24 , 0.67 , 0.24 , 15.00 , 21.00 , 0.00 , 443.03 , -0.01 , 7.05 , 14.31 , 24.14 , -0.15 , 0.00 , 0 , -0.69 , 3.14
1 , 2 , 0.88 , 0.00 , 0.48 , 0.00 , 0.86 , 0.17 , 0.47 , -0.09 , -0.00 , 21.00 , 0.00 , 443.03 , 0.10 , 7.05 , 10.89 , 30.47 , 2.36 , 1.51 , 0 , 10.89 , 9.47
1 , 2 , 0.27 , 0.00 , 0.96 , 0.00 , -0.10 , 0.25 , -0.36 , -0.90 , 110.00 , 21.00 , 0.00 , 443.03 , -0.21 , 7.02 , 99.10 , 40.63 , -2.30 , 3.83 , 0 , -10.90 , 19.63
1 , 2 , -0.00 , 0.71 , -0.00 , 0.71 , 0.00 , 0.71 , -0.00 , 0.71 , 170.00 , 21.00 , 0.00 , 443.03 , 0.00 , 7.05 , 170.01 , 24.29 , 0.00 , 0.00 , 0 , 0.01 , 3.28
1 , 2 , -0.00 , 0.71 , -0.00 , 0.71 , 0.00 , 0.71 , -0.00 , 0.71 , 190.00 , 21.00 , 0.00 , 443.03 , 0.00 , 7.05 , 190.01 , 24.29 , 0.00 , 0.00 , 0 , 0.01 , 3.28
1 , 2 , 1.00 , 0.00 , 0.10 , 0.00 , 0.96 , -0.25 , 0.10 , 0.03 , -80.00 , 21.00 , 0.00 , 443.03 , 0.13 , 7.03 , -75.12 , 46.04 , 1.02 , 5.01 , 0 , 4.89 , 25.04
1 , 2 , 0.98 , 0.00 , 0.20 , 0.00 , 0.47 , -0.86 , 0.09 , 0.17 , -60.00 , 21.00 , 0.00 , 443.03 , 0.21 , 6.99 , -51.08 , 43.34 , 1.87 , 4.42 , 0 , 8.92 , 22.34
1 , 2 , 0.17 , 0.00 , 0.99 , 0.00 , 0.12 , 0.12 , 0.70 , -0.69 , 130.00 , 21.00 , 0.00 , 443.03 , -0.20 , 6.98 , 122.14 , 44.29 , -1.64 , 4.63 , 0 , -7.86 , 23.29
1 , 2 , 0.83 , 0.00 , 0.56 , 0.00 , -0.35 , -0.75 , -0.24 , 0.51 , 210.00 , 21.00 , 0.00 , 443.03 , 0.06 , 7.05 , 217.96 , 26.94 , 1.75 , 0.67 , 0 , 7.96 , 5.94
1 , 2 , 0.54 , 0.00 , 0.84 , 0.00 , 0.40 , 0.36 , 0.62 , -0.57 , 50.00 , 21.00 , 0.00 , 504.12 , -0.07 , 8.07 , 39.94 , 29.15 , -2.23 , 1.02 , 0 , -10.06 , 8.15
1 , 2 , -0.00 , 0.71 , -0.00 , 0.71 , 0.00 , 0.71 , -0.00 , 0.71 , 170.00 , 21.00 , 0.00 , 504.12 , 0.00 , 8.21 , 170.01 , 25.26 , 0.00 , 0.00 , 0 , 0.01 , 4.26
1 , 2 , 0.62 , 0.00 , 0.78 , 0.00 , -0.61 , -0.10 , -0.77 , 0.13 , 30.00 , 21.00 , 0.00 , 504.12 , -0.03 , 8.21 , 24.22 , 26.33 , -1.29 , 0.30 , 0 , -5.78 , 5.33
1 , 2 , 0.96 , 0.00 , 0.30 , 0.00 , 0.46 , -0.84 , 0.14 , 0.26 , -40.00 , 21.00 , 0.00 , 504.12 , 0.11 , 8.21 , -27.06 , 41.99 , 2.76 , 4.04 , 0 , 12.94 , 20.99
1 , 2 , 0.83 , 0.00 , 0.56 , 0.00 , 0.07 , -0.82 , 0.05 , 0.56 , 210.00 , 21.00 , 0.00 , 504.12 , 0.06 , 8.07 , 218.94 , 28.15 , 1.99 , 0.77 , 0 , 8.94 , 7.15
1 , 2 , 0.88 , 0.00 , 0.48 , 0.00 , 0.48 , 0.74 , 0.26 , -0.40 , -0.00 , 21.00 , 0.00 , 504.12 , 0.08 , 8.21 , 12.24 , 32.07 , 2.69 , 1.71 , 0 , 12.24 , 11.07
1 , 2 , 0.76 , 0.00 , 0.64 , 0.00 , -0.47 , 0.60 , -0.40 , -0.51 , 230.00 , 21.00 , 0.00 , 504.12 , 0.03 , 8.07 , 234.38 , 25.71 , 0.98 , 0.17 , 0 , 4.38 , 4.71
1 , 2 , 0.45 , 0.00 , 0.89 , 0.00 , -0.03 , -0.45 , -0.06 , 0.89 , 70.00 , 21.00 , 0.00 , 504.12 , -0.09 , 8.21 , 57.19 , 33.39 , -2.82 , 2.03 , 0 , -12.81 , 12.39
1 , 2 , 0.27 , 0.00 , 0.96 , 0.00 , 0.23 , 0.14 , 0.82 , -0.51 , 110.00 , 21.00 , 0.00 , 504.12 , -0.11 , 8.21 , 97.67 , 43.45 , -2.62 , 4.36 , 0 , -12.33 , 22.45
1 , 2 , 1.00 , 0.00 , 0.10 , 0.00 , 0.21 , 0.97 , 0.02 , -0.10 , -80.00 , 21.00 , 0.00 , 504.12 , 0.10 , 8.13 , -74.47 , 49.48 , 1.16 , 5.70 , 0 , 5.53 , 28.48
1 , 2 , -0.00 , 0.71 , -0.00 , 0.71 , 0.00 , 0.71 , -0.00 , 0.71 , 190.00 , 21.00 , 0.00 , 504.12 , 0.00 , 8.06 , 190.01 , 25.26 , 0.00 , 0.00 , 0 , 0.01 , 4.26
1 , 2 , 0.36 , 0.00 , 0.93 , 0.00 , -0.27 , 0.25 , -0.69 , -0.63 , 90.00 , 21.00 , 0.00 , 504.12 , -0.11 , 8.21 , 76.30 , 38.41 , -2.95 , 3.23 , 0 , -13.70 , 17.41
1 , 2 , 1.00 , 0.00 , -0.00 , 0.00 , -0.11 , 0.99 , -0.00 , -0.00 , -100.00 , 21.00 , 0.00 , 504.12 , 0.00 , 8.05 , -99.87 , 50.57 , 0.03 , 5.93 , 0 , 0.13 , 29.57
1 , 2 , 0.92 , 0.00 , 0.39 , 0.00 , -0.91 , -0.13 , -0.39 , 0.05 , -20.00 , 21.00 , 0.00 , 504.12 , 0.10 , 8.21 , -6.31 , 36.90 , 2.96 , 2.88 , 0 , 13.69 , 15.90
1 , 2 , 0.07 , 0.00 , 1.00 , 0.00 , 0.00 , -0.07 , 0.05 , 1.00 , 150.00 , 21.00 , 0.00 , 504.12 , -0.11 , 8.05 , 146.02 , 50.02 , -0.83 , 5.81 , 0 , -3.98 , 29.02
1 , 2 , 0.17 , 0.00 , 0.99 , 0.00 , 0.12 , -0.12 , 0.70 , 0.70 , 130.00 , 21.00 , 0.00 , 504.12 , -0.11 , 8.21 , 121.10 , 47.57 , -1.87 , 5.27 , 0 , -8.90 , 26.57
1 , 2 , 0.98 , 0.00 , 0.20 , 0.00 , 0.90 , 0.40 , 0.18 , -0.08 , -60.00 , 21.00 , 0.00 , 504.12 , 0.12 , 8.21 , -49.92 , 46.44 , 2.13 , 5.03 , 0 , 10.08 , 25.44
1 , 2 , 0.70 , 0.00 , 0.72 , 0.00 , 0.64 , -0.26 , 0.66 , 0.27 , 15.00 , 21.00 , 0.00 , 504.12 , -0.01 , 8.06 , 14.23 , 25.06 , -0.17 , 0.01 , 0 , -0.77 , 4.06
1 , 2 , 0.62 , 0.00 , 0.78 , 0.00 , -0.62 , 0.04 , -0.78 , -0.06 , 30.00 , 21.00 , 0.00 , 550.94 , -0.03 , 8.99 , 23.76 , 27.20 , -1.41 , 0.32 , 0 , -6.24 , 6.20
1 , 2 , 1.00 , 0.00 , -0.00 , 0.00 , -0.98 , 0.18 , -0.00 , -0.00 , -100.00 , 21.00 , 0.00 , 550.94 , 0.00 , 8.92 , -99.85 , 53.35 , 0.03 , 6.48 , 0 , 0.15 , 32.35
1 , 2 , 0.36 , 0.00 , 0.93 , 0.00 , 0.04 , 0.36 , 0.09 , -0.93 , 90.00 , 21.00 , 0.00 , 550.94 , -0.11 , 8.99 , 75.05 , 40.26 , -3.23 , 3.53 , 0 , -14.95 , 19.26
1 , 2 , 0.07 , 0.00 , 1.00 , 0.00 , -0.07 , -0.02 , -0.95 , 0.29 , 150.00 , 21.00 , 0.00 , 550.94 , -0.08 , 8.92 , 145.65 , 52.88 , -0.91 , 6.35 , 0 , -4.35 , 31.88
1 , 2 , -0.00 , 0.71 , -0.00 , 0.71 , 0.00 , 0.71 , -0.00 , 0.71 , 190.00 , 21.00 , 0.00 , 550.94 , 0.00 , 8.84 , 190.01 , 26.08 , 0.00 , 0.00 , 0 , 0.01 , 5.08
1 , 2 , 0.98 , 0.00 , 0.20 , 0.00 , -0.06 , 0.98 , -0.01 , -0.20 , -60.00 , 21.00 , 0.00 , 550.94 , 0.12 , 8.99 , -48.98 , 48.98 , 2.32 , 5.50 , 0 , 11.02 , 27.98
1 , 2 , 0.96 , 0.00 , 0.30 , 0.00 , 0.96 , -0.01 , 0.30 , 0.00 , -40.00 , 21.00 , 0.00 , 550.94 , 0.21 , 8.82 , -25.86 , 44.13 , 3.02 , 4.42 , 0 , 14.14 , 23.13
1 , 2 , 0.92 , 0.00 , 0.39 , 0.00 , -0.53 , -0.75 , -0.22 , 0.32 , -20.00 , 21.00 , 0.00 , 550.94 , 0.10 , 8.99 , -5.13 , 38.55 , 3.24 , 3.14 , 0 , 14.87 , 17.55
1 , 2 , 0.83 , 0.00 , 0.56 , 0.00 , 0.39 , -0.73 , 0.27 , 0.50 , 210.00 , 21.00 , 0.00 , 550.94 , 0.05 , 8.99 , 219.68 , 29.15 , 2.18 , 0.84 , 0 , 9.68 , 8.15
1 , 2 , 0.76 , 0.00 , 0.64 , 0.00 , -0.57 , 0.51 , -0.48 , -0.43 , 230.00 , 21.00 , 0.00 , 550.94 , 0.03 , 8.99 , 234.73 , 26.53 , 1.07 , 0.18 , 0 , 4.73 , 5.53
1 , 2 , 0.45 , 0.00 , 0.89 , 0.00 , -0.31 , -0.34 , -0.60 , 0.66 , 70.00 , 21.00 , 0.00 , 550.94 , -0.11 , 8.84 , 56.10 , 34.78 , -3.08 , 2.21 , 0 , -13.90 , 13.78
1 , 2 , -0.00 , 0.71 , -0.00 , 0.71 , 0.00 , 0.71 , -0.00 , 0.71 , 170.00 , 21.00 , 0.00 , 550.94 , 0.00 , 8.99 , 170.01 , 26.08 , 0.00 , 0.00 , 0 , 0.01 , 5.08
1 , 2 , 0.27 , 0.00 , 0.96 , 0.00 , 0.24 , -0.12 , 0.86 , 0.44 , 110.00 , 21.00 , 0.00 , 550.94 , -0.11 , 8.99 , 96.61 , 45.58 , -2.86 , 4.76 , 0 , -13.39 , 24.58
1 , 2 , 1.00 , 0.00 , 0.10 , 0.00 , -0.85 , 0.51 , -0.09 , -0.05 , -80.00 , 21.00 , 0.00 , 550.94 , 0.13 , 8.83 , -73.98 , 52.17 , 1.26 , 6.23 , 0 , 6.02 , 31.17
1 , 2 , 0.88 , 0.00 , 0.48 , 0.00 , -0.05 , 0.88 , -0.03 , -0.48 , -0.00 , 21.00 , 0.00 , 550.94 , 0.08 , 8.99 , 13.30 , 33.37 , 2.94 , 1.87 , 0 , 13.30 , 12.37
1 , 2 , 0.54 , 0.00 , 0.84 , 0.00 , 0.52 , 0.13 , 0.81 , -0.21 , 50.00 , 21.00 , 0.00 , 550.94 , -0.06 , 8.99 , 39.05 , 30.24 , -2.44 , 1.11 , 0 , -10.95 , 9.24
1 , 2 , 0.70 , 0.00 , 0.72 , 0.00 , 0.64 , -0.28 , 0.66 , 0.29 , 15.00 , 21.00 , 0.00 , 550.94 , -0.00 , 8.99 , 14.17 , 25.84 , -0.19 , 0.01 , 0 , -0.83 , 4.84
1 , 2 , 0.17 , 0.00 , 0.99 , 0.00 , -0.07 , -0.15 , -0.41 , 0.89 , 130.00 , 21.00 , 0.00 , 550.94 , -0.20 , 8.77 , 120.29 , 50.15 , -2.04 , 5.76 , 0 , -9.71 , 29.15
1 , 2 , 0.70 , 0.00 , 0.72 , 0.00 , 0.64 , -0.29 , 0.65 , 0.30 , 15.00 , 21.00 , 0.00 , 554.08 , -0.01 , 8.90 , 14.16 , 25.89 , -0.19 , 0.01 , 0 , -0.84 , 4.89
1 , 2 , 1.00 , 0.00 , 0.10 , 0.00 , -0.93 , 0.35 , -0.09 , -0.04 , -80.00 , 21.00 , 0.00 , 554.08 , 0.10 , 8.97 , -73.91 , 52.54 , 1.27 , 6.26 , 0 , 6.09 , 31.54
1 , 2 , 0.17 , 0.00 , 0.99 , 0.00 , -0.09 , -0.15 , -0.51 , 0.84 , 130.00 , 21.00 , 0.00 , 554.08 , -0.11 , 9.04 , 120.21 , 50.38 , -2.05 , 5.79 , 0 , -9.79 , 29.38
1 , 2 , 0.27 , 0.00 , 0.96 , 0.00 , 0.22 , -0.16 , 0.78 , 0.57 , 110.00 , 21.00 , 0.00 , 554.08 , -0.21 , 8.87 , 96.45 , 45.87 , -2.88 , 4.79 , 0 , -13.55 , 24.87
1 , 2 , 0.92 , 0.00 , 0.39 , 0.00 , -0.43 , -0.81 , -0.18 , 0.34 , -20.00 , 21.00 , 0.00 , 554.08 , 0.17 , 8.89 , -4.96 , 38.76 , 3.26 , 3.16 , 0 , 15.04 , 17.76
1 , 2 , 0.45 , 0.00 , 0.89 , 0.00 , -0.34 , -0.31 , -0.66 , 0.60 , 70.00 , 21.00 , 0.00 , 554.08 , -0.09 , 9.04 , 55.94 , 34.94 , -3.09 , 2.23 , 0 , -14.06 , 13.94
1 , 2 , 0.54 , 0.00 , 0.84 , 0.00 , 0.53 , 0.11 , 0.82 , -0.17 , 50.00 , 21.00 , 0.00 , 554.08 , -0.07 , 8.90 , 38.97 , 30.32 , -2.46 , 1.12 , 0 , -11.03 , 9.32
1 , 2 , 1.00 , 0.00 , -0.00 , 0.00 , -1.00 , 0.00 , -0.00 , -0.00 , -100.00 , 21.00 , 0.00 , 554.08 , 0.00 , 8.97 , -99.85 , 53.74 , 0.03 , 6.52 , 0 , 0.15 , 32.74
1 , 2 , 0.62 , 0.00 , 0.78 , 0.00 , -0.62 , 0.07 , -0.78 , -0.09 , 30.00 , 21.00 , 0.00 , 554.08 , -0.03 , 9.04 , 23.69 , 27.27 , -1.42 , 0.33 , 0 , -6.31 , 6.27
1 , 2 , 0.88 , 0.00 , 0.48 , 0.00 , -0.10 , 0.87 , -0.06 , -0.48 , -0.00 , 21.00 , 0.00 , 554.08 , 0.08 , 9.04 , 13.40 , 33.48 , 2.96 , 1.88 , 0 , 13.40 , 12.48
1 , 2 , -0.00 , 0.71 , -0.00 , 0.71 , 0.00 , 0.71 , -0.00 , 0.71 , 190.00 , 21.00 , 0.00 , 554.08 , 0.00 , 8.90 , 190.01 , 26.14 , 0.00 , 0.00 , 0 , 0.01 , 5.14
1 , 2 , 0.96 , 0.00 , 0.30 , 0.00 , 0.95 , 0.08 , 0.29 , -0.02 , -40.00 , 21.00 , 0.00 , 554.08 , 0.11 , 9.04 , -25.76 , 44.32 , 3.04 , 4.44 , 0 , 14.24 , 23.32
1 , 2 , -0.00 , 0.71 , -0.00 , 0.71 , 0.00 , 0.71 , -0.00 , 0.71 , 170.00 , 21.00 , 0.00 , 554.08 , 0.00 , 8.90 , 170.01 , 26.14 , 0.00 , 0.00 , 0 , 0.01 , 5.14
1 , 2 , 0.36 , 0.00 , 0.93 , 0.00 , 0.07 , 0.36 , 0.17 , -0.92 , 90.00 , 21.00 , 0.00 , 554.08 , -0.11 , 9.04 , 74.94 , 40.41 , -3.25 , 3.55 , 0 , -15.06 , 19.41
1 , 2 , 0.76 , 0.00 , 0.64 , 0.00 , -0.59 , 0.49 , -0.49 , -0.42 , 230.00 , 21.00 , 0.00 , 554.08 , 0.03 , 9.04 , 234.80 , 26.60 , 1.08 , 0.18 , 0 , 4.80 , 5.60
1 , 2 , 0.98 , 0.00 , 0.20 , 0.00 , -0.16 , 0.97 , -0.03 , -0.20 , -60.00 , 21.00 , 0.00 , 554.08 , 0.12 , 9.04 , -48.90 , 49.20 , 2.34 , 5.53 , 0 , 11.10 , 28.20
1 , 2 , 0.83 , 0.00 , 0.56 , 0.00 , 0.43 , -0.70 , 0.30 , 0.48 , 210.00 , 21.00 , 0.00 , 554.08 , 0.05 , 9.04 , 219.79 , 29.24 , 2.19 , 0.84 , 0 , 9.79 , 8.24
1 , 2 , 0.07 , 0.00 , 1.00 , 0.00 , -0.07 , -0.01 , -0.98 , 0.18 , 150.00 , 21.00 , 0.00 , 554.08 , -0.08 , 8.97 , 145.62 , 53.13 , -0.91 , 6.39 , 0 , -4.39 , 32.13
1 , 2 , 0.45 , 0.00 , 0.89 , 0.00 , 0.09 , -0.45 , 0.17 , 0.87 , 70.00 , 21.00 , 0.00 , 486.05 , -0.09 , 7.91 , 57.61 , 32.87 , -2.71 , 1.95 , 0 , -12.39 , 11.87
1 , 2 , -0.00 , 0.71 , -0.00 , 0.71 , 0.00 , 0.71 , -0.00 , 0.71 , 170.00 , 21.00 , 0.00 , 486.05 , 0.00 , 7.91 , 170.01 , 24.96 , 0.00 , 0.00 , 0 , 0.01 , 3.96
1 , 2 , -0.00 , 0.71 , -0.00 , 0.71 , 0.00 , 0.71 , -0.00 , 0.71 , 190.00 , 21.00 , 0.00 , 486.05 , 0.00 , 7.91 , 190.01 , 24.96 , 0.00 , 0.00 , 0 , 0.01 , 3.96
1 , 2 , 0.96 , 0.00 , 0.30 , 0.00 , 0.13 , -0.95 , 0.04 , 0.29 , -40.00 , 21.00 , 0.00 , 486.05 , 0.21 , 7.74 , -27.47 , 41.24 , 2.66 , 3.90 , 0 , 12.53 , 20.24
1 , 2 , 0.88 , 0.00 , 0.48 , 0.00 , 0.64 , 0.60 , 0.35 , -0.33 , -0.00 , 21.00 , 0.00 , 486.05 , 0.10 , 7.76 , 11.84 , 31.58 , 2.59 , 1.65 , 0 , 11.84 , 10.58
1 , 2 , 0.54 , 0.00 , 0.84 , 0.00 , 0.33 , 0.43 , 0.51 , -0.67 , 50.00 , 21.00 , 0.00 , 486.05 , -0.07 , 7.76 , 40.26 , 28.75 , -2.15 , 0.98 , 0 , -9.74 , 7.75
1 , 2 , 1.00 , 0.00 , -0.00 , 0.00 , 0.38 , 0.93 , 0.00 , -0.00 , -100.00 , 21.00 , 0.00 , 486.05 , 0.00 , 7.75 , -99.88 , 49.50 , 0.03 , 5.72 , 0 , 0.13 , 28.50
1 , 2 , 0.70 , 0.00 , 0.72 , 0.00 , 0.65 , -0.26 , 0.67 , 0.26 , 15.00 , 21.00 , 0.00 , 486.05 , -0.00 , 7.91 , 14.25 , 24.77 , -0.17 , 0.00 , 0 , -0.75 , 3.77
1 , 2 , 0.62 , 0.00 , 0.78 , 0.00 , -0.60 , -0.16 , -0.76 , 0.20 , 30.00 , 21.00 , 0.00 , 486.05 , -0.04 , 7.76 , 24.41 , 26.01 , -1.25 , 0.29 , 0 , -5.59 , 5.01
1 , 2 , 0.27 , 0.00 , 0.96 , 0.00 , 0.15 , 0.22 , 0.55 , -0.79 , 110.00 , 21.00 , 0.00 , 486.05 , -0.11 , 7.91 , 98.09 , 42.61 , -2.52 , 4.20 , 0 , -11.91 , 21.61
1 , 2 , 0.92 , 0.00 , 0.39 , 0.00 , -0.91 , 0.17 , -0.38 , -0.07 , -20.00 , 21.00 , 0.00 , 486.05 , 0.10 , 7.91 , -6.77 , 36.27 , 2.86 , 2.77 , 0 , 13.23 , 15.27
1 , 2 , 0.83 , 0.00 , 0.56 , 0.00 , -0.05 , -0.82 , -0.03 , 0.57 , 210.00 , 21.00 , 0.00 , 486.05 , 0.06 , 7.76 , 218.66 , 27.79 , 1.92 , 0.74 , 0 , 8.66 , 6.79
1 , 2 , 0.76 , 0.00 , 0.64 , 0.00 , -0.42 , 0.64 , -0.36 , -0.54 , 230.00 , 21.00 , 0.00 , 486.05 , 0.03 , 7.76 , 234.24 , 25.40 , 0.95 , 0.16 , 0 , 4.24 , 4.40
1 , 2 , 0.36 , 0.00 , 0.93 , 0.00 , -0.33 , 0.15 , -0.85 , -0.38 , 90.00 , 21.00 , 0.00 , 486.05 , -0.11 , 7.91 , 76.73 , 37.77 , -2.85 , 3.11 , 0 , -13.27 , 16.77
1 , 2 , 0.07 , 0.00 , 1.00 , 0.00 , 0.03 , -0.06 , 0.49 , 0.87 , 150.00 , 21.00 , 0.00 , 486.05 , -0.08 , 7.83 , 146.15 , 49.02 , -0.80 , 5.60 , 0 , -3.85 , 28.02
1 , 2 , 0.98 , 0.00 , 0.20 , 0.00 , 0.98 , -0.03 , 0.20 , 0.01 , -60.00 , 21.00 , 0.00 , 486.05 , 0.12 , 7.91 , -50.27 , 45.51 , 2.05 , 4.85 , 0 , 9.73 , 24.51
1 , 2 , 0.17 , 0.00 , 0.99 , 0.00 , 0.16 , -0.05 , 0.94 , 0.29 , 130.00 , 21.00 , 0.00 , 486.05 , -0.20 , 7.69 , 121.43 , 46.55 , -1.80 , 5.08 , 0 , -8.57 , 25.55
1 , 2 , 1.00 , 0.00 , 0.10 , 0.00 , 0.64 , 0.76 , 0.06 , -0.08 , -80.00 , 21.00 , 0.00 , 486.05 , 0.13 , 7.75 , -74.67 , 48.45 , 1.11 , 5.49 , 0 , 5.33 , 27.45
1 , 2 , 0.45 , 0.00 , 0.89 , 0.00 , -0.41 , -0.19 , -0.81 , 0.38 , 70.00 , 21.00 , 0.00 , 576.21 , -0.11 , 9.27 , 55.46 , 35.59 , -3.22 , 2.32 , 0 , -14.54 , 14.59
1 , 2 , 0.17 , 0.00 , 0.99 , 0.00 , -0.15 , -0.08 , -0.87 , 0.47 , 130.00 , 21.00 , 0.00 , 576.21 , -0.20 , 9.20 , 119.86 , 51.52 , -2.13 , 6.02 , 0 , -10.14 , 30.52
1 , 2 , 0.54 , 0.00 , 0.84 , 0.00 , 0.54 , 0.00 , 0.84 , -0.00 , 50.00 , 21.00 , 0.00 , 576.21 , -0.06 , 9.41 , 38.60 , 30.84 , -2.55 , 1.16 , 0 , -11.40 , 9.84
1 , 2 , 0.96 , 0.00 , 0.30 , 0.00 , 0.85 , 0.43 , 0.26 , -0.13 , -40.00 , 21.00 , 0.00 , 576.21 , 0.11 , 9.41 , -25.32 , 45.17 , 3.16 , 4.62 , 0 , 14.68 , 24.17
1 , 2 , -0.00 , 0.71 , -0.00 , 0.71 , 0.00 , 0.71 , -0.00 , 0.71 , 170.00 , 21.00 , 0.00 , 576.21 , 0.00 , 9.27 , 170.01 , 26.55 , 0.00 , 0.00 , 0 , 0.01 , 5.55
1 , 2 , -0.00 , 0.71 , -0.00 , 0.71 , 0.00 , 0.71 , -0.00 , 0.71 , 190.00 , 21.00 , 0.00 , 576.21 , 0.00 , 9.41 , 190.01 , 26.55 , 0.00 , 0.00 , 0 , 0.01 , 5.55
1 , 2 , 0.36 , 0.00 , 0.93 , 0.00 , 0.20 , 0.30 , 0.51 , -0.78 , 90.00 , 21.00 , 0.00 , 576.21 , -0.19 , 9.26 , 74.42 , 41.23 , -3.38 , 3.69 , 0 , -15.59 , 20.23
1 , 2 , 0.07 , 0.00 , 1.00 , 0.00 , -0.07 , 0.03 , -0.92 , -0.37 , 150.00 , 21.00 , 0.00 , 576.21 , -0.11 , 9.25 , 145.46 , 54.37 , -0.95 , 6.64 , 0 , -4.54 , 33.37
1 , 2 , 0.76 , 0.00 , 0.64 , 0.00 , -0.62 , 0.45 , -0.52 , -0.38 , 230.00 , 21.00 , 0.00 , 576.21 , 0.03 , 9.41 , 234.94 , 27.01 , 1.12 , 0.19 , 0 , 4.94 , 6.01
1 , 2 , 0.83 , 0.00 , 0.56 , 0.00 , 0.55 , -0.62 , 0.38 , 0.42 , 210.00 , 21.00 , 0.00 , 576.21 , 0.05 , 9.41 , 220.12 , 29.73 , 2.28 , 0.88 , 0 , 10.12 , 8.73
1 , 2 , 0.70 , 0.00 , 0.72 , 0.00 , 0.63 , -0.29 , 0.65 , 0.30 , 15.00 , 21.00 , 0.00 , 576.21 , -0.01 , 9.27 , 14.13 , 26.29 , -0.20 , 0.01 , 0 , -0.87 , 5.29
1 , 2 , 0.88 , 0.00 , 0.48 , 0.00 , -0.30 , 0.82 , -0.16 , -0.45 , -0.00 , 21.00 , 0.00 , 576.21 , 0.10 , 9.27 , 13.79 , 34.04 , 3.07 , 1.96 , 0 , 13.79 , 13.04
1 , 2 , 0.27 , 0.00 , 0.96 , 0.00 , 0.14 , -0.23 , 0.49 , 0.83 , 110.00 , 21.00 , 0.00 , 576.21 , -0.21 , 9.24 , 96.03 , 46.76 , -2.99 , 4.98 , 0 , -13.97 , 25.76
1 , 2 , 1.00 , 0.00 , 0.10 , 0.00 , -0.98 , -0.20 , -0.10 , 0.02 , -80.00 , 21.00 , 0.00 , 576.21 , 0.10 , 9.34 , -73.69 , 53.75 , 1.32 , 6.51 , 0 , 6.31 , 32.75
1 , 2 , 0.92 , 0.00 , 0.39 , 0.00 , -0.12 , -0.91 , -0.05 , 0.39 , -20.00 , 21.00 , 0.00 , 576.21 , 0.10 , 9.41 , -4.44 , 39.52 , 3.39 , 3.29 , 0 , 15.56 , 18.52
1 , 2 , 0.62 , 0.00 , 0.78 , 0.00 , -0.61 , 0.12 , -0.77 , -0.16 , 30.00 , 21.00 , 0.00 , 576.21 , -0.04 , 9.27 , 23.51 , 27.70 , -1.48 , 0.34 , 0 , -6.49 , 6.70
1 , 2 , 0.98 , 0.00 , 0.20 , 0.00 , -0.62 , 0.76 , -0.12 , -0.15 , -60.00 , 21.00 , 0.00 , 576.21 , 0.12 , 9.41 , -48.50 , 50.30 , 2.43 , 5.75 , 0 , 11.50 , 29.30
1 , 2 , 1.00 , 0.00 , -0.00 , 0.00 , -0.84 , -0.54 , -0.00 , 0.00 , -100.00 , 21.00 , 0.00 , 576.21 , 0.00 , 9.25 , -99.84 , 54.99 , 0.03 , 6.78 , 0 , 0.16 , 33.99
1 , 2 , 0.17 , 0.00 , 0.99 , 0.00 , -0.08 , -0.15 , -0.43 , 0.88 , 130.00 , 21.00 , 0.00 , 550.69 , -0.20 , 8.77 , 120.27 , 50.19 , -2.04 , 5.76 , 0 , -9.73 , 29.19
1 , 2 , -0.00 , 0.71 , -0.00 , 0.71 , 0.00 , 0.71 , -0.00 , 0.71 , 190.00 , 21.00 , 0.00 , 550.69 , 0.00 , 8.84 , 190.01 , 26.08 , 0.00 , 0.00 , 0 , 0.01 , 5.07
1 , 2 , 1.00 , 0.00 , -0.00 , 0.00 , -0.98 , 0.22 , -0.00 , -0.00 , -100.00 , 21.00 , 0.00 , 550.69 , 0.00 , 8.83 , -99.85 , 53.27 , 0.03 , 6.48 , 0 , 0.15 , 32.27
1 , 2 , 0.98 , 0.00 , 0.20 , 0.00 , -0.11 , 0.97 , -0.02 , -0.20 , -60.00 , 21.00 , 0.00 , 550.69 , 0.21 , 8.79 , -48.94 , 49.08 , 2.32 , 5.50 , 0 , 11.06 , 28.08
1 , 2 , 0.36 , 0.00 , 0.93 , 0.00 , 0.01 , 0.36 , 0.02 , -0.93 , 90.00 , 21.00 , 0.00 , 550.69 , -0.19 , 8.83 , 75.15 , 40.14 , -3.23 , 3.52 , 0 , -14.85 , 19.14
1 , 2 , 0.96 , 0.00 , 0.30 , 0.00 , 0.95 , -0.09 , 0.29 , 0.03 , -40.00 , 21.00 , 0.00 , 550.69 , 0.21 , 8.82 , -25.96 , 43.99 , 3.02 , 4.41 , 0 , 14.04 , 22.99
1 , 2 , 0.76 , 0.00 , 0.64 , 0.00 , -0.57 , 0.51 , -0.48 , -0.43 , 230.00 , 21.00 , 0.00 , 550.69 , 0.03 , 8.84 , 234.73 , 26.53 , 1.07 , 0.18 , 0 , 4.73 , 5.53
1 , 2 , 0.92 , 0.00 , 0.39 , 0.00 , -0.55 , -0.74 , -0.23 , 0.31 , -20.00 , 21.00 , 0.00 , 550.69 , 0.17 , 8.84 , -5.17 , 38.51 , 3.24 , 3.14 , 0 , 14.83 , 17.51
1 , 2 , 0.54 , 0.00 , 0.84 , 0.00 , 0.52 , 0.16 , 0.80 , -0.24 , 50.00 , 21.00 , 0.00 , 550.69 , -0.07 , 8.84 , 39.13 , 30.20 , -2.44 , 1.11 , 0 , -10.87 , 9.20
1 , 2 , 0.88 , 0.00 , 0.48 , 0.00 , -0.00 , 0.88 , -0.00 , -0.48 , -0.00 , 21.00 , 0.00 , 550.69 , 0.10 , 8.84 , 13.21 , 33.31 , 2.94 , 1.87 , 0 , 13.21 , 12.31
1 , 2 , 0.45 , 0.00 , 0.89 , 0.00 , -0.30 , -0.35 , -0.58 , 0.67 , 70.00 , 21.00 , 0.00 , 550.69 , -0.11 , 8.84 , 56.14 , 34.75 , -3.07 , 2.21 , 0 , -13.86 , 13.75
1 , 2 , 0.70 , 0.00 , 0.72 , 0.00 , 0.64 , -0.28 , 0.66 , 0.29 , 15.00 , 21.00 , 0.00 , 550.69 , -0.01 , 8.84 , 14.17 , 25.83 , -0.19 , 0.01 , 0 , -0.83 , 4.83
1 , 2 , 1.00 , 0.00 , 0.10 , 0.00 , -0.83 , 0.54 , -0.08 , -0.05 , -80.00 , 21.00 , 0.00 , 550.69 , 0.13 , 8.82 , -73.99 , 52.09 , 1.26 , 6.22 , 0 , 6.01 , 31.09
1 , 2 , -0.00 , 0.71 , -0.00 , 0.71 , 0.00 , 0.71 , -0.00 , 0.71 , 170.00 , 21.00 , 0.00 , 550.69 , 0.00 , 8.84 , 170.01 , 26.08 , 0.00 , 0.00 , 0 , 0.01 , 5.07
1 , 2 , 0.62 , 0.00 , 0.78 , 0.00 , -0.62 , 0.04 , -0.78 , -0.05 , 30.00 , 21.00 , 0.00 , 550.69 , -0.04 , 8.84 , 23.78 , 27.19 , -1.41 , 0.32 , 0 , -6.22 , 6.19
1 , 2 , 0.83 , 0.00 , 0.56 , 0.00 , 0.38 , -0.73 , 0.26 , 0.50 , 210.00 , 21.00 , 0.00 , 550.69 , 0.06 , 8.84 , 219.65 , 29.14 , 2.17 , 0.84 , 0 , 9.65 , 8.14
1 , 2 , 0.07 , 0.00 , 1.00 , 0.00 , -0.07 , -0.03 , -0.92 , 0.39 , 150.00 , 21.00 , 0.00 , 550.69 , -0.11 , 8.82 , 145.68 , 52.68 , -0.91 , 6.35 , 0 , -4.32 , 31.68
1 , 2 , 0.27 , 0.00 , 0.96 , 0.00 , 0.24 , -0.11 , 0.87 , 0.41 , 110.00 , 21.00 , 0.00 , 550.69 , -0.21 , 8.81 , 96.65 , 45.52 , -2.86 , 4.76 , 0 , -13.36 , 24.52
1 , 2 , -0.00 , 0.71 , -0.00 , 0.71 , 0.00 , 0.71 , -0.00 , 0.71 , 170.00 , 21.00 , 0.00 , 526.81 , 0.00 , 8.52 , 170.01 , 25.58 , 0.00 , 0.00 , 0 , 0.01 , 4.57
1 , 2 , 1.00 , 0.00 , 0.10 , 0.00 , -0.41 , 0.91 , -0.04 , -0.09 , -80.00 , 21.00 , 0.00 , 526.81 , 0.14 , 8.43 , -74.23 , 50.85 , 1.21 , 5.95 , 0 , 5.77 , 29.85
1 , 2 , 0.36 , 0.00 , 0.93 , 0.00 , -0.14 , 0.33 , -0.36 , -0.86 , 90.00 , 21.00 , 0.00 , 526.81 , -0.13 , 8.52 , 75.72 , 39.26 , -3.09 , 3.37 , 0 , -14.28 , 18.26
1 , 2 , 0.17 , 0.00 , 0.99 , 0.00 , 0.04 , -0.17 , 0.21 , 0.96 , 130.00 , 21.00 , 0.00 , 526.81 , -0.15 , 8.52 , 120.71 , 48.78 , -1.95 , 5.50 , 0 , -9.30 , 27.78
1 , 2 , 0.83 , 0.00 , 0.56 , 0.00 , 0.27 , -0.78 , 0.19 , 0.53 , 210.00 , 21.00 , 0.00 , 526.81 , 0.09 , 8.43 , 219.39 , 28.58 , 2.09 , 0.81 , 0 , 9.39 , 7.57
1 , 2 , 0.62 , 0.00 , 0.78 , 0.00 , -0.62 , -0.01 , -0.78 , 0.01 , 30.00 , 21.00 , 0.00 , 526.81 , -0.04 , 8.52 , 23.91 , 26.61 , -1.37 , 0.32 , 0 , -6.09 , 5.61
1 , 2 , 0.96 , 0.00 , 0.30 , 0.00 , 0.80 , -0.53 , 0.25 , 0.16 , -40.00 , 21.00 , 0.00 , 526.81 , 0.15 , 8.52 , -26.50 , 42.97 , 2.89 , 4.22 , 0 , 13.50 , 21.97
1 , 2 , -0.00 , 0.71 , -0.00 , 0.71 , 0.00 , 0.71 , -0.00 , 0.71 , 190.00 , 21.00 , 0.00 , 526.81 , 0.00 , 8.52 , 190.01 , 25.58 , 0.00 , 0.00 , 0 , 0.01 , 4.57
1 , 2 , 0.70 , 0.00 , 0.72 , 0.00 , 0.64 , -0.27 , 0.66 , 0.28 , 15.00 , 21.00 , 0.00 , 526.81 , -0.01 , 8.52 , 14.19 , 25.37 , -0.18 , 0.01 , 0 , -0.81 , 4.37
1 , 2 , 0.98 , 0.00 , 0.20 , 0.00 , 0.55 , 0.81 , 0.11 , -0.16 , -60.00 , 21.00 , 0.00 , 526.81 , 0.16 , 8.52 , -49.48 , 47.61 , 2.22 , 5.26 , 0 , 10.53 , 26.61
1 , 2 , 0.76 , 0.00 , 0.64 , 0.00 , -0.53 , 0.55 , -0.45 , -0.46 , 230.00 , 21.00 , 0.00 , 526.81 , 0.03 , 8.52 , 234.60 , 26.04 , 1.04 , 0.18 , 0 , 4.60 , 5.04
1 , 2 , 0.07 , 0.00 , 1.00 , 0.00 , -0.04 , -0.06 , -0.50 , 0.86 , 150.00 , 21.00 , 0.00 , 526.81 , -0.08 , 8.52 , 145.89 , 51.29 , -0.86 , 6.08 , 0 , -4.11 , 30.29
1 , 2 , 1.00 , 0.00 , -0.00 , 0.00 , -0.67 , 0.75 , 0.00 , -0.00 , -100.00 , 21.00 , 0.00 , 526.81 , 0.00 , 8.52 , -100.03 , 51.92 , -0.01 , 6.20 , 0 , -0.03 , 30.92
1 , 2 , 0.54 , 0.00 , 0.84 , 0.00 , 0.48 , 0.25 , 0.75 , -0.39 , 50.00 , 21.00 , 0.00 , 526.81 , -0.07 , 8.52 , 39.47 , 29.64 , -2.34 , 1.07 , 0 , -10.53 , 8.63
1 , 2 , 0.88 , 0.00 , 0.48 , 0.00 , 0.21 , 0.85 , 0.11 , -0.47 , -0.00 , 21.00 , 0.00 , 526.81 , 0.14 , 8.43 , 12.78 , 32.64 , 2.82 , 1.81 , 0 , 12.78 , 11.63
1 , 2 , 0.45 , 0.00 , 0.89 , 0.00 , -0.22 , -0.40 , -0.43 , 0.78 , 70.00 , 21.00 , 0.00 , 526.81 , -0.11 , 8.52 , 56.53 , 34.08 , -2.95 , 2.15 , 0 , -13.47 , 13.07
1 , 2 , 0.92 , 0.00 , 0.39 , 0.00 , -0.79 , -0.48 , -0.33 , 0.20 , -20.00 , 21.00 , 0.00 , 526.81 , 0.18 , 8.43 , -5.74 , 37.69 , 3.10 , 3.01 , 0 , 14.26 , 16.69
1 , 2 , 0.27 , 0.00 , 0.96 , 0.00 , 0.27 , 0.01 , 0.96 , -0.04 , 110.00 , 21.00 , 0.00 , 526.81 , -0.15 , 8.52 , 97.13 , 44.49 , -2.74 , 4.55 , 0 , -12.87 , 23.49
1 , 2 , 0.54 , 0.00 , 0.84 , 0.00 , 0.54 , 0.07 , 0.83 , -0.10 , 50.00 , 21.00 , 0.00 , 568.13 , -0.07 , 9.13 , 38.82 , 30.61 , -2.52 , 1.14 , 0 , -11.18 , 9.61
1 , 2 , 0.62 , 0.00 , 0.78 , 0.00 , -0.61 , 0.12 , -0.77 , -0.15 , 30.00 , 21.00 , 0.00 , 568.13 , -0.04 , 9.13 , 23.53 , 27.55 , -1.46 , 0.33 , 0 , -6.47 , 6.55
1 , 2 , 0.07 , 0.00 , 1.00 , 0.00 , -0.07 , 0.01 , -0.98 , -0.20 , 150.00 , 21.00 , 0.00 , 568.13 , -0.10 , 9.12 , 145.62 , 53.99 , -0.91 , 6.56 , 0 , -4.38 , 32.99
1 , 2 , -0.00 , 0.71 , -0.00 , 0.71 , 0.00 , 0.71 , -0.00 , 0.71 , 170.00 , 21.00 , 0.00 , 568.13 , 0.00 , 9.13 , 170.01 , 26.40 , 0.00 , 0.00 , 0 , 0.01 , 5.40
1 , 2 , 0.96 , 0.00 , 0.30 , 0.00 , 0.92 , 0.26 , 0.28 , -0.08 , -40.00 , 21.00 , 0.00 , 568.13 , 0.21 , 9.11 , -25.54 , 44.76 , 3.11 , 4.55 , 0 , 14.46 , 23.76
1 , 2 , 0.92 , 0.00 , 0.39 , 0.00 , -0.70 , -0.60 , -0.30 , 0.25 , -20.00 , 21.00 , 0.00 , 539.74 , 0.09 , 8.82 , -5.50 , 38.11 , 3.17 , 3.08 , 0 , 14.50 , 17.11
1 , 2 , 0.88 , 0.00 , 0.48 , 0.00 , 0.05 , 0.88 , 0.03 , -0.48 , -0.00 , 21.00 , 0.00 , 539.74 , 0.10 , 8.66 , 13.11 , 33.10 , 2.88 , 1.84 , 0 , 13.11 , 12.09
1 , 2 , 0.83 , 0.00 , 0.56 , 0.00 , 0.37 , -0.74 , 0.25 , 0.51 , 210.00 , 21.00 , 0.00 , 539.74 , 0.06 , 8.77 , 219.63 , 28.88 , 2.14 , 0.83 , 0 , 9.63 , 7.88
1 , 2 , 1.00 , 0.00 , 0.10 , 0.00 , -0.62 , 0.77 , -0.06 , -0.08 , -80.00 , 21.00 , 0.00 , 539.74 , 0.13 , 8.64 , -74.20 , 51.43 , 1.22 , 6.10 , 0 , 5.80 , 30.43
1 , 2 , 0.70 , 0.00 , 0.72 , 0.00 , 0.64 , -0.28 , 0.66 , 0.29 , 15.00 , 21.00 , 0.00 , 539.74 , -0.00 , 8.81 , 14.18 , 25.67 , -0.19 , 0.01 , 0 , -0.82 , 4.67
1 , 2 , 0.98 , 0.00 , 0.20 , 0.00 , 0.30 , 0.93 , 0.06 , -0.19 , -60.00 , 21.00 , 0.00 , 539.74 , 0.21 , 8.61 , -49.27 , 48.24 , 2.28 , 5.39 , 0 , 10.74 , 27.24
1 , 2 , 0.36 , 0.00 , 0.93 , 0.00 , -0.07 , 0.35 , -0.19 , -0.91 , 90.00 , 21.00 , 0.00 , 539.74 , -0.11 , 8.78 , 75.46 , 39.70 , -3.16 , 3.45 , 0 , -14.54 , 18.69
1 , 2 , 0.76 , 0.00 , 0.64 , 0.00 , -0.55 , 0.53 , -0.47 , -0.45 , 230.00 , 21.00 , 0.00 , 539.74 , 0.03 , 8.77 , 234.68 , 26.28 , 1.06 , 0.18 , 0 , 4.68 , 5.28
1 , 2 , 0.45 , 0.00 , 0.89 , 0.00 , -0.24 , -0.39 , -0.47 , 0.76 , 70.00 , 21.00 , 0.00 , 539.74 , -0.11 , 8.66 , 56.39 , 34.42 , -3.01 , 2.17 , 0 , -13.61 , 13.42
1 , 2 , 0.27 , 0.00 , 0.96 , 0.00 , 0.15 , -0.22 , 0.54 , 0.80 , 110.00 , 21.00 , 0.00 , 568.13 , -0.21 , 9.10 , 96.10 , 46.58 , -2.95 , 4.91 , 0 , -13.90 , 25.58
1 , 2 , -0.00 , 0.71 , -0.00 , 0.71 , 0.00 , 0.71 , -0.00 , 0.71 , 190.00 , 21.00 , 0.00 , 539.74 , 0.00 , 8.76 , 190.01 , 25.81 , 0.00 , 0.00 , 0 , 0.01 , 4.81
1 , 2 , 0.17 , 0.00 , 0.99 , 0.00 , -0.01 , -0.17 , -0.03 , 0.99 , 130.00 , 21.00 , 0.00 , 539.74 , -0.19 , 8.62 , 120.59 , 49.35 , -1.99 , 5.65 , 0 , -9.41 , 28.35
1 , 2 , 1.00 , 0.00 , -0.00 , 0.00 , -0.85 , 0.53 , 0.00 , -0.00 , -100.00 , 21.00 , 0.00 , 539.74 , 0.00 , 8.64 , -100.03 , 52.56 , -0.01 , 6.35 , 0 , -0.03 , 31.56
1 , 2 , 1.00 , 0.00 , -0.00 , 0.00 , -0.02 , 1.00 , -0.00 , -0.00 , -100.00 , 21.00 , 0.00 , 502.07 , 0.00 , 8.01 , -99.87 , 50.39 , 0.03 , 5.91 , 0 , 0.13 , 29.39
1 , 2 , 0.76 , 0.00 , 0.64 , 0.00 , -0.47 , 0.60 , -0.39 , -0.51 , 230.00 , 21.00 , 0.00 , 502.07 , 0.03 , 8.03 , 234.38 , 25.67 , 0.98 , 0.17 , 0 , 4.38 , 4.67
1 , 2 , 0.70 , 0.00 , 0.72 , 0.00 , 0.65 , -0.26 , 0.66 , 0.27 , 15.00 , 21.00 , 0.00 , 502.07 , -0.01 , 8.03 , 14.23 , 25.02 , -0.17 , 0.01 , 0 , -0.77 , 4.02
1 , 2 , 0.45 , 0.00 , 0.89 , 0.00 , -0.01 , -0.46 , -0.02 , 0.89 , 70.00 , 21.00 , 0.00 , 502.07 , -0.11 , 8.03 , 57.27 , 33.32 , -2.80 , 2.02 , 0 , -12.73 , 12.31
1 , 2 , 0.17 , 0.00 , 0.99 , 0.00 , 0.13 , -0.11 , 0.77 , 0.62 , 130.00 , 21.00 , 0.00 , 502.07 , -0.20 , 7.96 , 121.17 , 47.35 , -1.86 , 5.25 , 0 , -8.83 , 26.35
1 , 2 , 0.83 , 0.00 , 0.56 , 0.00 , 0.07 , -0.82 , 0.05 , 0.56 , 210.00 , 21.00 , 0.00 , 502.07 , 0.06 , 8.03 , 218.92 , 28.12 , 1.98 , 0.76 , 0 , 8.92 , 7.11
1 , 2 , 0.36 , 0.00 , 0.93 , 0.00 , -0.27 , 0.24 , -0.70 , -0.62 , 90.00 , 21.00 , 0.00 , 502.07 , -0.19 , 8.02 , 76.32 , 38.37 , -2.94 , 3.21 , 0 , -13.68 , 17.37
1 , 2 , 0.98 , 0.00 , 0.20 , 0.00 , 0.92 , 0.33 , 0.19 , -0.07 , -60.00 , 21.00 , 0.00 , 502.07 , 0.21 , 7.98 , -49.98 , 46.29 , 2.12 , 5.01 , 0 , 10.02 , 25.29
1 , 2 , -0.00 , 0.71 , -0.00 , 0.71 , 0.00 , 0.71 , -0.00 , 0.71 , 170.00 , 21.00 , 0.00 , 502.07 , 0.00 , 8.03 , 170.01 , 25.22 , 0.00 , 0.00 , 0 , 0.01 , 4.22
1 , 2 , 0.96 , 0.00 , 0.30 , 0.00 , 0.44 , -0.85 , 0.14 , 0.26 , -40.00 , 21.00 , 0.00 , 502.07 , 0.21 , 8.01 , -27.08 , 41.94 , 2.75 , 4.02 , 0 , 12.92 , 20.94
1 , 2 , 0.92 , 0.00 , 0.39 , 0.00 , -0.91 , -0.11 , -0.39 , 0.05 , -20.00 , 21.00 , 0.00 , 502.07 , 0.17 , 8.03 , -6.33 , 36.86 , 2.95 , 2.86 , 0 , 13.67 , 15.86
1 , 2 , 1.00 , 0.00 , 0.10 , 0.00 , 0.29 , 0.95 , 0.03 , -0.10 , -80.00 , 21.00 , 0.00 , 502.07 , 0.13 , 8.01 , -74.51 , 49.31 , 1.15 , 5.67 , 0 , 5.49 , 28.31
1 , 2 , 0.88 , 0.00 , 0.48 , 0.00 , 0.50 , 0.72 , 0.27 , -0.40 , -0.00 , 21.00 , 0.00 , 502.07 , 0.10 , 8.03 , 12.19 , 32.01 , 2.68 , 1.71 , 0 , 12.19 , 11.01
1 , 2 , -0.00 , 0.71 , -0.00 , 0.71 , 0.00 , 0.71 , -0.00 , 0.71 , 190.00 , 21.00 , 0.00 , 502.07 , 0.00 , 8.03 , 190.01 , 25.22 , 0.00 , 0.00 , 0 , 0.01 , 4.22
1 , 2 , 0.07 , 0.00 , 1.00 , 0.00 , 0.01 , -0.07 , 0.14 , 0.99 , 150.00 , 21.00 , 0.00 , 502.07 , -0.11 , 8.01 , 146.05 , 49.84 , -0.83 , 5.79 , 0 , -3.95 , 28.84
1 , 2 , 0.62 , 0.00 , 0.78 , 0.00 , -0.61 , -0.11 , -0.77 , 0.14 , 30.00 , 21.00 , 0.00 , 502.07 , -0.04 , 8.03 , 24.24 , 26.29 , -1.29 , 0.30 , 0 , -5.76 , 5.29
1 , 2 , 0.54 , 0.00 , 0.84 , 0.00 , 0.40 , 0.37 , 0.62 , -0.57 , 50.00 , 21.00 , 0.00 , 502.07 , -0.07 , 8.03 , 39.95 , 29.11 , -2.23 , 1.01 , 0 , -10.05 , 8.11
1 , 2 , 0.27 , 0.00 , 0.96 , 0.00 , 0.21 , 0.16 , 0.77 , -0.59 , 110.00 , 21.00 , 0.00 , 502.07 , -0.21 , 8.00 , 97.77 , 43.27 , -2.61 , 4.34 , 0 , -12.23 , 22.27
1 , 2 , 0.98 , 0.00 , 0.20 , 0.00 , -0.89 , 0.41 , -0.18 , -0.08 , -60.00 , 21.00 , 0.00 , 599.11 , 0.21 , 9.59 , -48.14 , 51.32 , 2.53 , 5.98 , 0 , 11.86 , 30.32
1 , 2 , 0.62 , 0.00 , 0.78 , 0.00 , -0.59 , 0.19 , -0.74 , -0.24 , 30.00 , 21.00 , 0.00 , 599.11 , -0.04 , 9.65 , 23.28 , 28.16 , -1.54 , 0.35 , 0 , -6.72 , 7.16
1 , 2 , 0.54 , 0.00 , 0.84 , 0.00 , 0.53 , -0.10 , 0.83 , 0.16 , 50.00 , 21.00 , 0.00 , 599.11 , -0.07 , 9.65 , 38.25 , 31.37 , -2.66 , 1.21 , 0 , -11.75 , 10.37
1 , 2 , 0.70 , 0.00 , 0.72 , 0.00 , 0.63 , -0.30 , 0.65 , 0.31 , 15.00 , 21.00 , 0.00 , 599.11 , -0.01 , 9.65 , 14.10 , 26.72 , -0.21 , 0.01 , 0 , -0.90 , 5.71
1 , 2 , 0.92 , 0.00 , 0.39 , 0.00 , 0.20 , -0.90 , 0.09 , 0.38 , -20.00 , 21.00 , 0.00 , 599.11 , 0.17 , 9.64 , -3.94 , 40.28 , 3.52 , 3.42 , 0 , 16.06 , 19.28
1 , 2 , 0.76 , 0.00 , 0.64 , 0.00 , -0.65 , 0.39 , -0.55 , -0.33 , 230.00 , 21.00 , 0.00 , 599.11 , 0.03 , 9.65 , 235.11 , 27.45 , 1.17 , 0.20 , 0 , 5.11 , 6.45
1 , 2 , 1.00 , 0.00 , 0.10 , 0.00 , -0.74 , -0.67 , -0.07 , 0.07 , -80.00 , 21.00 , 0.00 , 599.11 , 0.13 , 9.63 , -73.47 , 54.94 , 1.37 , 6.77 , 0 , 6.53 , 33.94
1 , 2 , 0.36 , 0.00 , 0.93 , 0.00 , 0.29 , 0.22 , 0.74 , -0.56 , 90.00 , 21.00 , 0.00 , 599.11 , -0.19 , 9.64 , 73.95 , 42.00 , -3.51 , 3.83 , 0 , -16.05 , 21.00
1 , 2 , 0.88 , 0.00 , 0.48 , 0.00 , -0.51 , 0.71 , -0.28 , -0.39 , -0.00 , 21.00 , 0.00 , 599.11 , 0.10 , 9.65 , 14.25 , 34.68 , 3.20 , 2.04 , 0 , 14.25 , 13.68
1 , 2 , 0.45 , 0.00 , 0.89 , 0.00 , -0.45 , -0.07 , -0.88 , 0.14 , 70.00 , 21.00 , 0.00 , 599.11 , -0.11 , 9.65 , 55.01 , 36.25 , -3.34 , 2.41 , 0 , -14.99 , 15.25
1 , 2 , 0.17 , 0.00 , 0.99 , 0.00 , -0.17 , 0.00 , -0.99 , -0.01 , 130.00 , 21.00 , 0.00 , 599.11 , -0.20 , 9.58 , 119.52 , 52.64 , -2.22 , 6.26 , 0 , -10.48 , 31.64
1 , 2 , -0.00 , 0.71 , -0.00 , 0.71 , 0.00 , 0.71 , -0.00 , 0.71 , 190.00 , 21.00 , 0.00 , 599.11 , 0.00 , 9.65 , 190.01 , 27.00 , 0.00 , 0.00 , 0 , 0.01 , 6.00
1 , 2 , 1.00 , 0.00 , -0.00 , 0.00 , -0.43 , -0.90 , -0.00 , 0.00 , -100.00 , 21.00 , 0.00 , 599.11 , 0.00 , 9.63 , -99.83 , 56.22 , 0.04 , 7.05 , 0 , 0.17 , 35.22
1 , 2 , 0.07 , 0.00 , 1.00 , 0.00 , -0.04 , 0.06 , -0.60 , -0.80 , 150.00 , 21.00 , 0.00 , 599.11 , -0.11 , 9.63 , 145.30 , 55.57 , -0.99 , 6.91 , 0 , -4.70 , 34.57
1 , 2 , 0.96 , 0.00 , 0.30 , 0.00 , 0.55 , 0.78 , 0.17 , -0.24 , -40.00 , 21.00 , 0.00 , 599.11 , 0.21 , 9.63 , -24.77 , 46.18 , 3.28 , 4.80 , 0 , 15.23 , 25.18
1 , 2 , -0.00 , 0.71 , -0.00 , 0.71 , 0.00 , 0.71 , -0.00 , 0.71 , 170.00 , 21.00 , 0.00 , 599.11 , 0.00 , 9.65 , 170.01 , 27.00 , 0.00 , 0.00 , 0 , 0.01 , 6.00
1 , 2 , 0.27 , 0.00 , 0.96 , 0.00 , 0.01 , -0.27 , 0.05 , 0.96 , 110.00 , 21.00 , 0.00 , 599.11 , -0.21 , 9.62 , 95.54 , 47.78 , -3.11 , 5.18 , 0 , -14.46 , 26.78
1 , 2 , 0.83 , 0.00 , 0.56 , 0.00 , 0.64 , -0.52 , 0.44 , 0.36 , 210.00 , 21.00 , 0.00 , 599.11 , 0.06 , 9.65 , 220.43 , 30.24 , 2.37 , 0.91 , 0 , 10.43 , 9.24
1 , 2 , 0.62 , 0.00 , 0.78 , 0.00 , -0.62 , 0.05 , -0.78 , -0.06 , 30.00 , 21.00 , 0.00 , 548.52 , -0.03 , 8.95 , 23.76 , 27.16 , -1.41 , 0.32 , 0 , -6.24 , 6.16
1 , 2 , 1.00 , 0.00 , -0.00 , 0.00 , -0.98 , 0.18 , -0.00 , -0.00 , -100.00 , 21.00 , 0.00 , 548.52 , 0.00 , 8.79 , -99.85 , 53.34 , 0.03 , 6.45 , 0 , 0.15 , 32.34
1 , 2 , 0.17 , 0.00 , 0.99 , 0.00 , -0.06 , -0.16 , -0.36 , 0.92 , 130.00 , 21.00 , 0.00 , 548.52 , -0.20 , 8.73 , 120.33 , 50.02 , -2.03 , 5.73 , 0 , -9.67 , 29.02
1 , 2 , 0.36 , 0.00 , 0.93 , 0.00 , 0.02 , 0.36 , 0.05 , -0.93 , 90.00 , 21.00 , 0.00 , 548.52 , -0.11 , 8.95 , 75.11 , 40.16 , -3.21 , 3.51 , 0 , -14.89 , 19.16
1 , 2 , 0.07 , 0.00 , 1.00 , 0.00 , -0.07 , -0.03 , -0.93 , 0.35 , 150.00 , 21.00 , 0.00 , 548.52 , -0.11 , 8.79 , 145.67 , 52.74 , -0.90 , 6.32 , 0 , -4.33 , 31.74
1 , 2 , -0.00 , 0.71 , -0.00 , 0.71 , 0.00 , 0.71 , -0.00 , 0.71 , 170.00 , 21.00 , 0.00 , 548.52 , 0.00 , 8.95 , 170.01 , 26.04 , 0.00 , 0.00 , 0 , 0.01 , 5.04
1 , 2 , 1.00 , 0.00 , 0.10 , 0.00 , -0.85 , 0.51 , -0.09 , -0.05 , -80.00 , 21.00 , 0.00 , 548.52 , 0.13 , 8.79 , -73.98 , 52.16 , 1.26 , 6.20 , 0 , 6.02 , 31.16
1 , 2 , 0.98 , 0.00 , 0.20 , 0.00 , 0.00 , 0.98 , -0.00 , -0.20 , -60.00 , 21.00 , 0.00 , 548.52 , 0.21 , 8.75 , -49.03 , 48.86 , 2.31 , 5.48 , 0 , 10.97 , 27.86
1 , 2 , 0.96 , 0.00 , 0.30 , 0.00 , 0.95 , -0.06 , 0.29 , 0.02 , -40.00 , 21.00 , 0.00 , 548.52 , 0.21 , 8.78 , -25.92 , 44.03 , 3.01 , 4.40 , 0 , 14.08 , 23.03
1 , 2 , 0.92 , 0.00 , 0.39 , 0.00 , -0.51 , -0.77 , -0.22 , 0.32 , -20.00 , 21.00 , 0.00 , 548.52 , 0.10 , 8.95 , -5.10 , 38.56 , 3.23 , 3.13 , 0 , 14.90 , 17.56
1 , 2 , 0.70 , 0.00 , 0.72 , 0.00 , 0.64 , -0.28 , 0.66 , 0.29 , 15.00 , 21.00 , 0.00 , 548.52 , -0.00 , 8.95 , 14.16 , 25.80 , -0.19 , 0.01 , 0 , -0.84 , 4.80
1 , 2 , 0.27 , 0.00 , 0.96 , 0.00 , 0.24 , -0.12 , 0.86 , 0.44 , 110.00 , 21.00 , 0.00 , 548.52 , -0.21 , 8.78 , 96.61 , 45.56 , -2.85 , 4.74 , 0 , -13.39 , 24.56
1 , 2 , -0.00 , 0.71 , -0.00 , 0.71 , 0.00 , 0.71 , -0.00 , 0.71 , 190.00 , 21.00 , 0.00 , 548.52 , 0.00 , 8.95 , 190.01 , 26.04 , 0.00 , 0.00 , 0 , 0.01 , 5.04
1 , 2 , 0.45 , 0.00 , 0.89 , 0.00 , -0.31 , -0.34 , -0.60 , 0.66 , 70.00 , 21.00 , 0.00 , 548.52 , -0.09 , 8.95 , 56.10 , 34.75 , -3.06 , 2.20 , 0 , -13.90 , 13.75
1 , 2 , 0.88 , 0.00 , 0.48 , 0.00 , -0.02 , 0.88 , -0.01 , -0.48 , -0.00 , 21.00 , 0.00 , 548.52 , 0.10 , 8.80 , 13.25 , 33.30 , 2.93 , 1.87 , 0 , 13.25 , 12.30
1 , 2 , 0.54 , 0.00 , 0.84 , 0.00 , 0.52 , 0.14 , 0.81 , -0.22 , 50.00 , 21.00 , 0.00 , 548.52 , -0.06 , 8.95 , 39.07 , 30.19 , -2.43 , 1.10 , 0 , -10.93 , 9.19
1 , 2 , 0.76 , 0.00 , 0.64 , 0.00 , -0.57 , 0.51 , -0.48 , -0.43 , 230.00 , 21.00 , 0.00 , 548.52 , 0.03 , 8.81 , 234.75 , 26.49 , 1.07 , 0.18 , 0 , 4.75 , 5.49
1 , 2 , 0.83 , 0.00 , 0.56 , 0.00 , 0.40 , -0.72 , 0.27 , 0.50 , 210.00 , 21.00 , 0.00 , 548.52 , 0.06 , 8.81 , 219.70 , 29.12 , 2.17 , 0.83 , 0 , 9.70 , 8.12
1 , 2 , 0.17 , 0.00 , 0.99 , 0.00 , 0.07 , 0.16 , 0.40 , -0.90 , 130.00 , 21.00 , 0.00 , 426.63 , -0.20 , 6.70 , 122.39 , 43.50 , -1.58 , 4.46 , 0 , -7.61 , 22.50
1 , 2 , 0.54 , 0.00 , 0.84 , 0.00 , 0.03 , 0.54 , 0.05 , -0.84 , 50.00 , 21.00 , 0.00 , 426.63 , -0.07 , 6.77 , 41.34 , 27.50 , -1.89 , 0.86 , 0 , -8.66 , 6.50
1 , 2 , 0.07 , 0.00 , 1.00 , 0.00 , 0.06 , 0.04 , 0.81 , -0.58 , 150.00 , 21.00 , 0.00 , 426.63 , -0.11 , 6.76 , 146.63 , 45.46 , -0.70 , 4.92 , 0 , -3.37 , 24.46
1 , 2 , 0.62 , 0.00 , 0.78 , 0.00 , -0.52 , -0.34 , -0.65 , 0.43 , 30.00 , 21.00 , 0.00 , 426.63 , -0.04 , 6.77 , 25.03 , 25.02 , -1.10 , 0.25 , 0 , -4.97 , 4.02
1 , 2 , 1.00 , 0.00 , 0.10 , 0.00 , 0.73 , -0.68 , 0.07 , 0.07 , -80.00 , 21.00 , 0.00 , 426.63 , 0.13 , 6.75 , -75.31 , 45.00 , 0.98 , 4.82 , 0 , 4.69 , 24.00
1 , 2 , 0.98 , 0.00 , 0.20 , 0.00 , 0.08 , -0.98 , 0.02 , 0.20 , -60.00 , 21.00 , 0.00 , 426.63 , 0.21 , 6.72 , -51.40 , 42.49 , 1.80 , 4.26 , 0 , 8.60 , 21.49
1 , 2 , 1.00 , 0.00 , -0.00 , 0.00 , 0.93 , -0.37 , 0.00 , 0.00 , -100.00 , 21.00 , 0.00 , 426.63 , 0.00 , 6.76 , -99.90 , 46.13 , 0.02 , 5.02 , 0 , 0.10 , 25.13
1 , 2 , 0.36 , 0.00 , 0.93 , 0.00 , -0.26 , -0.25 , -0.68 , 0.64 , 90.00 , 21.00 , 0.00 , 426.63 , -0.19 , 6.77 , 78.32 , 35.51 , -2.50 , 2.73 , 0 , -11.68 , 14.51
1 , 2 , 0.76 , 0.00 , 0.64 , 0.00 , -0.26 , 0.72 , -0.22 , -0.61 , 230.00 , 21.00 , 0.00 , 426.63 , 0.03 , 6.77 , 233.76 , 24.48 , 0.83 , 0.14 , 0 , 3.76 , 3.48
1 , 2 , 0.83 , 0.00 , 0.56 , 0.00 , -0.46 , -0.68 , -0.32 , 0.47 , 210.00 , 21.00 , 0.00 , 426.63 , 0.06 , 6.77 , 217.66 , 26.61 , 1.69 , 0.65 , 0 , 7.66 , 5.61
1 , 2 , 0.92 , 0.00 , 0.39 , 0.00 , -0.28 , 0.88 , -0.12 , -0.37 , -20.00 , 21.00 , 0.00 , 426.63 , 0.17 , 6.77 , -8.32 , 34.21 , 2.51 , 2.43 , 0 , 11.68 , 13.21
1 , 2 , 0.70 , 0.00 , 0.72 , 0.00 , 0.66 , -0.23 , 0.68 , 0.23 , 15.00 , 21.00 , 0.00 , 426.63 , -0.01 , 6.77 , 14.34 , 23.91 , -0.15 , 0.00 , 0 , -0.66 , 2.91
1 , 2 , -0.00 , 0.71 , -0.00 , 0.71 , 0.00 , 0.71 , -0.00 , 0.71 , 170.00 , 21.00 , 0.00 , 426.63 , 0.00 , 6.77 , 170.01 , 24.05 , 0.00 , 0.00 , 0 , 0.01 , 3.04
1 , 2 , 0.96 , 0.00 , 0.30 , 0.00 , -0.89 , -0.34 , -0.28 , 0.10 , -40.00 , 21.00 , 0.00 , 426.63 , 0.21 , 6.75 , -28.98 , 38.59 , 2.34 , 3.42 , 0 , 11.02 , 17.59
1 , 2 , -0.00 , 0.71 , -0.00 , 0.71 , 0.00 , 0.71 , -0.00 , 0.71 , 190.00 , 21.00 , 0.00 , 426.63 , 0.00 , 6.77 , 190.01 , 24.05 , 0.00 , 0.00 , 0 , 0.01 , 3.04
1 , 2 , 0.88 , 0.00 , 0.48 , 0.00 , 0.88 , -0.01 , 0.48 , 0.01 , -0.00 , 21.00 , 0.00 , 426.63 , 0.10 , 6.77 , 10.54 , 30.06 , 2.28 , 1.45 , 0 , 10.54 , 9.06
1 , 2 , 0.27 , 0.00 , 0.96 , 0.00 , -0.19 , 0.19 , -0.69 , -0.67 , 110.00 , 21.00 , 0.00 , 426.63 , -0.21 , 6.74 , 99.53 , 39.81 , -2.21 , 3.69 , 0 , -10.47 , 18.80
1 , 2 , 0.45 , 0.00 , 0.89 , 0.00 , 0.40 , -0.23 , 0.77 , 0.44 , 70.00 , 21.00 , 0.00 , 426.63 , -0.11 , 6.77 , 59.00 , 31.21 , -2.38 , 1.71 , 0 , -11.00 , 10.21
1 , 2 , 1.00 , 0.00 , -0.00 , 0.00 , 0.45 , -0.89 , 0.00 , 0.00 , -100.00 , 21.00 , 0.00 , 402.36 , 0.00 , 6.35 , -99.91 , 44.59 , 0.02 , 4.73 , 0 , 0.09 , 23.59
1 , 2 , 0.54 , 0.00 , 0.84 , 0.00 , -0.10 , 0.53 , -0.16 , -0.83 , 50.00 , 21.00 , 0.00 , 402.36 , -0.07 , 6.37 , 41.80 , 27.01 , -1.78 , 0.81 , 0 , -8.20 , 6.01
1 , 2 , 0.62 , 0.00 , 0.78 , 0.00 , -0.48 , -0.40 , -0.60 , 0.50 , 30.00 , 21.00 , 0.00 , 402.36 , -0.04 , 6.44 , 25.24 , 24.55 , -1.05 , 0.24 , 0 , -4.76 , 3.55
1 , 2 , 0.17 , 0.00 , 0.99 , 0.00 , -0.05 , 0.16 , -0.29 , -0.94 , 130.00 , 21.00 , 0.00 , 402.36 , -0.19 , 6.33 , 122.90 , 42.05 , -1.49 , 4.21 , 0 , -7.10 , 21.05
1 , 2 , 0.92 , 0.00 , 0.39 , 0.00 , 0.09 , 0.92 , 0.04 , -0.39 , -20.00 , 21.00 , 0.00 , 402.36 , 0.17 , 6.36 , -8.90 , 33.43 , 2.37 , 2.30 , 0 , 11.10 , 12.43
1 , 2 , 1.00 , 0.00 , 0.10 , 0.00 , 0.21 , -0.97 , 0.02 , 0.10 , -80.00 , 21.00 , 0.00 , 402.36 , 0.13 , 6.35 , -75.55 , 43.71 , 0.92 , 4.55 , 0 , 4.45 , 22.71
1 , 2 , 0.98 , 0.00 , 0.20 , 0.00 , -0.49 , -0.85 , -0.10 , 0.17 , -60.00 , 21.00 , 0.00 , 402.36 , 0.20 , 6.34 , -51.89 , 41.26 , 1.69 , 4.02 , 0 , 8.11 , 20.26
1 , 2 , 0.07 , 0.00 , 1.00 , 0.00 , 0.02 , 0.07 , 0.33 , -0.94 , 150.00 , 21.00 , 0.00 , 402.36 , -0.11 , 6.35 , 146.80 , 44.15 , -0.66 , 4.64 , 0 , -3.20 , 23.15
1 , 2 , 0.70 , 0.00 , 0.72 , 0.00 , 0.66 , -0.22 , 0.68 , 0.22 , 15.00 , 21.00 , 0.00 , 402.36 , -0.01 , 6.37 , 14.37 , 23.59 , -0.14 , 0.00 , 0 , -0.63 , 2.59
1 , 2 , 0.27 , 0.00 , 0.96 , 0.00 , -0.26 , 0.07 , -0.93 , -0.24 , 110.00 , 21.00 , 0.00 , 402.36 , -0.21 , 6.34 , 100.06 , 38.77 , -2.09 , 3.48 , 0 , -9.94 , 17.77
1 , 2 , 0.83 , 0.00 , 0.56 , 0.00 , -0.59 , -0.58 , -0.40 , 0.40 , 210.00 , 21.00 , 0.00 , 402.36 , 0.06 , 6.37 , 217.29 , 26.18 , 1.59 , 0.61 , 0 , 7.29 , 5.18
1 , 2 , -0.00 , 0.71 , -0.00 , 0.71 , 0.00 , 0.71 , -0.00 , 0.71 , 170.00 , 21.00 , 0.00 , 402.36 , 0.00 , 6.37 , 170.01 , 23.71 , 0.00 , 0.00 , 0 , 0.01 , 2.70
1 , 2 , 0.36 , 0.00 , 0.93 , 0.00 , -0.15 , -0.33 , -0.38 , 0.85 , 90.00 , 21.00 , 0.00 , 402.36 , -0.19 , 6.36 , 78.86 , 34.73 , -2.36 , 2.58 , 0 , -11.15 , 13.73
1 , 2 , 0.76 , 0.00 , 0.64 , 0.00 , -0.19 , 0.74 , -0.16 , -0.62 , 230.00 , 21.00 , 0.00 , 402.36 , 0.03 , 6.37 , 233.58 , 24.14 , 0.79 , 0.13 , 0 , 3.58 , 3.14
1 , 2 , 0.45 , 0.00 , 0.89 , 0.00 , 0.45 , -0.07 , 0.88 , 0.14 , 70.00 , 21.00 , 0.00 , 402.36 , -0.11 , 6.37 , 59.59 , 30.54 , -2.25 , 1.62 , 0 , -10.41 , 9.54
1 , 2 , 0.88 , 0.00 , 0.48 , 0.00 , 0.82 , -0.30 , 0.45 , 0.16 , -0.00 , 21.00 , 0.00 , 402.36 , 0.10 , 6.37 , 9.98 , 29.45 , 2.15 , 1.37 , 0 , 9.98 , 8.45
1 , 2 , 0.96 , 0.00 , 0.30 , 0.00 , -0.95 , 0.13 , -0.29 , -0.04 , -40.00 , 21.00 , 0.00 , 402.36 , 0.21 , 6.35 , -29.54 , 37.61 , 2.21 , 3.23 , 0 , 10.46 , 16.61
1 , 2 , -0.00 , 0.71 , -0.00 , 0.71 , 0.00 , 0.71 , -0.00 , 0.71 , 190.00 , 21.00 , 0.00 , 402.36 , 0.00 , 6.37 , 190.01 , 23.71 , 0.00 , 0.00 , 0 , 0.01 , 2.70
1 , 2 , 0.36 , 0.00 , 0.93 , 0.00 , 0.12 , 0.34 , 0.31 , -0.88 , 90.00 , 21.00 , 0.00 , 565.08 , -0.19 , 9.07 , 74.73 , 40.76 , -3.31 , 3.62 , 0 , -15.27 , 19.76
1 , 2 , -0.00 , 0.71 , -0.00 , 0.71 , 0.00 , 0.71 , -0.00 , 0.71 , 190.00 , 21.00 , 0.00 , 565.08 , 0.00 , 9.08 , 190.01 , 26.34 , 0.00 , 0.00 , 0 , 0.01 , 5.34
1 , 2 , 0.76 , 0.00 , 0.64 , 0.00 , -0.60 , 0.47 , -0.51 , -0.40 , 230.00 , 21.00 , 0.00 , 565.08 , 0.03 , 9.08 , 234.86 , 26.80 , 1.10 , 0.19 , 0 , 4.86 , 5.80
1 , 2 , 0.70 , 0.00 , 0.72 , 0.00 , 0.63 , -0.29 , 0.65 , 0.30 , 15.00 , 21.00 , 0.00 , 565.08 , -0.01 , 9.08 , 14.14 , 26.09 , -0.19 , 0.01 , 0 , -0.86 , 5.09
1 , 2 , 0.62 , 0.00 , 0.78 , 0.00 , -0.62 , 0.09 , -0.77 , -0.11 , 30.00 , 21.00 , 0.00 , 565.08 , -0.04 , 9.08 , 23.62 , 27.47 , -1.45 , 0.33 , 0 , -6.38 , 6.47
1 , 2 , 0.54 , 0.00 , 0.84 , 0.00 , 0.54 , 0.05 , 0.84 , -0.08 , 50.00 , 21.00 , 0.00 , 565.08 , -0.07 , 9.08 , 38.77 , 30.58 , -2.50 , 1.14 , 0 , -11.23 , 9.58
1 , 2 , 0.83 , 0.00 , 0.56 , 0.00 , 0.50 , -0.66 , 0.34 , 0.45 , 210.00 , 21.00 , 0.00 , 565.08 , 0.06 , 9.08 , 219.97 , 29.49 , 2.23 , 0.86 , 0 , 9.97 , 8.49
1 , 2 , 0.07 , 0.00 , 1.00 , 0.00 , -0.07 , 0.00 , -1.00 , -0.05 , 150.00 , 21.00 , 0.00 , 565.08 , -0.11 , 9.06 , 145.55 , 53.65 , -0.93 , 6.51 , 0 , -4.45 , 32.65
1 , 2 , 0.96 , 0.00 , 0.30 , 0.00 , 0.91 , 0.30 , 0.28 , -0.09 , -40.00 , 21.00 , 0.00 , 565.08 , 0.21 , 9.06 , -25.49 , 44.81 , 3.10 , 4.53 , 0 , 14.51 , 23.81
1 , 2 , 0.17 , 0.00 , 0.99 , 0.00 , -0.12 , -0.12 , -0.72 , 0.67 , 130.00 , 21.00 , 0.00 , 565.08 , -0.20 , 9.01 , 120.03 , 50.98 , -2.09 , 5.91 , 0 , -9.97 , 29.98
1 , 2 , 0.92 , 0.00 , 0.39 , 0.00 , -0.27 , -0.88 , -0.11 , 0.37 , -20.00 , 21.00 , 0.00 , 565.08 , 0.17 , 9.08 , -4.68 , 39.15 , 3.32 , 3.22 , 0 , 15.32 , 18.15
1 , 2 , -0.00 , 0.71 , -0.00 , 0.71 , 0.00 , 0.71 , -0.00 , 0.71 , 170.00 , 21.00 , 0.00 , 565.08 , 0.00 , 9.08 , 170.01 , 26.34 , 0.00 , 0.00 , 0 , 0.01 , 5.34
1 , 2 , 1.00 , 0.00 , 0.10 , 0.00 , -0.99 , 0.07 , -0.10 , -0.01 , -80.00 , 21.00 , 0.00 , 565.08 , 0.13 , 9.06 , -73.79 , 53.17 , 1.30 , 6.38 , 0 , 6.21 , 32.17
1 , 2 , 0.98 , 0.00 , 0.20 , 0.00 , -0.41 , 0.89 , -0.08 , -0.18 , -60.00 , 21.00 , 0.00 , 565.08 , 0.21 , 9.03 , -48.69 , 49.78 , 2.38 , 5.64 , 0 , 11.31 , 28.78
1 , 2 , 0.88 , 0.00 , 0.48 , 0.00 , -0.19 , 0.86 , -0.11 , -0.47 , -0.00 , 21.00 , 0.00 , 565.08 , 0.10 , 9.08 , 13.58 , 33.75 , 3.01 , 1.92 , 0 , 13.58 , 12.75
1 , 2 , 0.45 , 0.00 , 0.89 , 0.00 , -0.38 , -0.25 , -0.75 , 0.49 , 70.00 , 21.00 , 0.00 , 565.08 , -0.11 , 9.08 , 55.69 , 35.27 , -3.16 , 2.27 , 0 , -14.31 , 14.27
1 , 2 , 1.00 , 0.00 , -0.00 , 0.00 , -0.98 , -0.20 , -0.00 , 0.00 , -100.00 , 21.00 , 0.00 , 565.08 , 0.00 , 9.07 , -99.84 , 54.20 , 0.03 , 6.65 , 0 , 0.16 , 33.20
1 , 2 , 0.27 , 0.00 , 0.96 , 0.00 , 0.17 , -0.20 , 0.62 , 0.74 , 110.00 , 21.00 , 0.00 , 565.08 , -0.21 , 9.05 , 96.20 , 46.39 , -2.93 , 4.89 , 0 , -13.80 , 25.39
1 , 2 , 0.45 , 0.00 , 0.89 , 0.00 , 0.40 , -0.21 , 0.79 , 0.41 , 70.00 , 21.00 , 0.00 , 426.37 , -0.11 , 6.77 , 59.05 , 31.17 , -2.38 , 1.71 , 0 , -10.95 , 10.17
1 , 2 , 1.00 , 0.00 , 0.10 , 0.00 , 0.72 , -0.68 , 0.07 , 0.07 , -80.00 , 21.00 , 0.00 , 426.37 , 0.13 , 6.75 , -75.31 , 44.99 , 0.98 , 4.82 , 0 , 4.69 , 23.99
1 , 2 , 0.83 , 0.00 , 0.56 , 0.00 , -0.46 , -0.68 , -0.32 , 0.47 , 210.00 , 21.00 , 0.00 , 426.37 , 0.06 , 6.77 , 217.65 , 26.61 , 1.68 , 0.65 , 0 , 7.65 , 5.61
1 , 2 , 0.92 , 0.00 , 0.39 , 0.00 , -0.27 , 0.88 , -0.12 , -0.37 , -20.00 , 21.00 , 0.00 , 426.37 , 0.17 , 6.76 , -8.33 , 34.20 , 2.51 , 2.43 , 0 , 11.67 , 13.20
1 , 2 , 0.27 , 0.00 , 0.96 , 0.00 , -0.19 , 0.18 , -0.69 , -0.67 , 110.00 , 21.00 , 0.00 , 426.37 , -0.21 , 6.74 , 99.54 , 39.79 , -2.21 , 3.69 , 0 , -10.47 , 18.79
1 , 2 , 0.88 , 0.00 , 0.48 , 0.00 , 0.87 , -0.06 , 0.48 , 0.04 , -0.00 , 21.00 , 0.00 , 426.37 , 0.10 , 6.77 , 10.44 , 30.00 , 2.27 , 1.45 , 0 , 10.44 , 9.00
1 , 2 , 0.76 , 0.00 , 0.64 , 0.00 , -0.26 , 0.72 , -0.22 , -0.61 , 230.00 , 21.00 , 0.00 , 426.37 , 0.03 , 6.77 , 233.76 , 24.48 , 0.83 , 0.14 , 0 , 3.76 , 3.48
1 , 2 , 0.36 , 0.00 , 0.93 , 0.00 , -0.26 , -0.25 , -0.68 , 0.64 , 90.00 , 21.00 , 0.00 , 426.37 , -0.19 , 6.76 , 78.33 , 35.50 , -2.50 , 2.73 , 0 , -11.68 , 14.50
1 , 2 , 0.54 , 0.00 , 0.84 , 0.00 , 0.02 , 0.54 , 0.03 , -0.84 , 50.00 , 21.00 , 0.00 , 426.37 , -0.07 , 6.77 , 41.38 , 27.48 , -1.89 , 0.86 , 0 , -8.62 , 6.48
1 , 2 , 1.00 , 0.00 , -0.00 , 0.00 , 0.88 , -0.47 , 0.00 , 0.00 , -100.00 , 21.00 , 0.00 , 426.37 , 0.00 , 6.75 , -99.90 , 45.92 , 0.02 , 5.02 , 0 , 0.10 , 24.92
1 , 2 , 0.98 , 0.00 , 0.20 , 0.00 , 0.01 , -0.98 , 0.00 , 0.20 , -60.00 , 21.00 , 0.00 , 426.37 , 0.09 , 6.93 , -51.48 , 42.37 , 1.79 , 4.26 , 0 , 8.52 , 21.37
1 , 2 , 0.62 , 0.00 , 0.78 , 0.00 , -0.53 , -0.33 , -0.66 , 0.41 , 30.00 , 21.00 , 0.00 , 426.37 , -0.03 , 6.93 , 24.98 , 24.92 , -1.11 , 0.26 , 0 , -5.02 , 3.92
1 , 2 , 0.07 , 0.00 , 1.00 , 0.00 , 0.06 , 0.04 , 0.81 , -0.58 , 150.00 , 21.00 , 0.00 , 426.37 , -0.11 , 6.75 , 146.63 , 45.45 , -0.70 , 4.92 , 0 , -3.37 , 24.45
1 , 2 , 0.96 , 0.00 , 0.30 , 0.00 , -0.90 , -0.33 , -0.28 , 0.10 , -40.00 , 21.00 , 0.00 , 426.37 , 0.21 , 6.75 , -28.99 , 38.58 , 2.34 , 3.42 , 0 , 11.01 , 17.58
1 , 2 , -0.00 , 0.71 , -0.00 , 0.71 , 0.00 , 0.71 , -0.00 , 0.71 , 170.00 , 21.00 , 0.00 , 426.37 , 0.00 , 6.77 , 170.01 , 24.04 , 0.00 , 0.00 , 0 , 0.01 , 3.04
1 , 2 , -0.00 , 0.71 , -0.00 , 0.71 , 0.00 , 0.71 , -0.00 , 0.71 , 190.00 , 21.00 , 0.00 , 426.37 , 0.00 , 6.77 , 190.01 , 24.04 , 0.00 , 0.00 , 0 , 0.01 , 3.04
1 , 2 , 0.17 , 0.00 , 0.99 , 0.00 , 0.05 , 0.16 , 0.30 , -0.94 , 130.00 , 21.00 , 0.00 , 426.37 , -0.20 , 6.70 , 122.46 , 43.31 , -1.58 , 4.46 , 0 , -7.54 , 22.31
1 , 2 , 0.70 , 0.00 , 0.72 , 0.00 , 0.66 , -0.23 , 0.68 , 0.23 , 15.00 , 21.00 , 0.00 , 426.37 , -0.01 , 6.77 , 14.34 , 23.91 , -0.15 , 0.00 , 0 , -0.66 , 2.91
1 , 2 , 0.36 , 0.00 , 0.93 , 0.00 , -0.32 , 0.17 , -0.82 , -0.45 , 90.00 , 21.00 , 0.00 , 488.82 , -0.19 , 7.80 , 76.63 , 37.90 , -2.86 , 3.13 , 0 , -13.37 , 16.90
1 , 2 , 0.62 , 0.00 , 0.78 , 0.00 , -0.61 , -0.15 , -0.76 , 0.19 , 30.00 , 21.00 , 0.00 , 488.82 , -0.04 , 7.81 , 24.37 , 26.06 , -1.26 , 0.29 , 0 , -5.63 , 5.06
1 , 2 , 0.54 , 0.00 , 0.84 , 0.00 , 0.35 , 0.41 , 0.54 , -0.64 , 50.00 , 21.00 , 0.00 , 488.82 , -0.13 , 7.71 , 40.17 , 28.83 , -2.17 , 0.98 , 0 , -9.83 , 7.83
1 , 2 , 0.17 , 0.00 , 0.99 , 0.00 , 0.15 , -0.07 , 0.90 , 0.40 , 130.00 , 21.00 , 0.00 , 488.82 , -0.20 , 7.74 , 121.34 , 46.80 , -1.81 , 5.11 , 0 , -8.66 , 25.80
1 , 2 , 1.00 , 0.00 , 0.10 , 0.00 , 0.53 , 0.84 , 0.05 , -0.08 , -80.00 , 21.00 , 0.00 , 488.82 , 0.18 , 7.70 , -74.61 , 48.72 , 1.12 , 5.52 , 0 , 5.39 , 27.72
1 , 2 , -0.00 , 0.71 , -0.00 , 0.71 , 0.00 , 0.71 , -0.00 , 0.71 , 170.00 , 21.00 , 0.00 , 488.82 , 0.00 , 7.92 , 170.01 , 24.94 , 0.00 , 0.00 , 0 , 0.01 , 3.94
1 , 2 , 0.07 , 0.00 , 1.00 , 0.00 , 0.03 , -0.06 , 0.40 , 0.91 , 150.00 , 21.00 , 0.00 , 488.82 , -0.11 , 7.79 , 146.12 , 49.24 , -0.81 , 5.64 , 0 , -3.88 , 28.24
1 , 2 , 0.27 , 0.00 , 0.96 , 0.00 , 0.17 , 0.21 , 0.62 , -0.74 , 110.00 , 21.00 , 0.00 , 488.82 , -0.21 , 7.78 , 98.00 , 42.78 , -2.54 , 4.23 , 0 , -12.00 , 21.78
1 , 2 , -0.00 , 0.71 , -0.00 , 0.71 , 0.00 , 0.71 , -0.00 , 0.71 , 190.00 , 21.00 , 0.00 , 488.82 , 0.00 , 7.81 , 190.01 , 25.00 , 0.00 , 0.00 , 0 , 0.01 , 4.00
1 , 2 , 0.96 , 0.00 , 0.30 , 0.00 , 0.20 , -0.93 , 0.06 , 0.29 , -40.00 , 21.00 , 0.00 , 488.82 , 0.21 , 7.79 , -27.38 , 41.40 , 2.68 , 3.92 , 0 , 12.63 , 20.40
1 , 2 , 0.88 , 0.00 , 0.48 , 0.00 , 0.61 , 0.63 , 0.33 , -0.35 , -0.00 , 21.00 , 0.00 , 488.82 , 0.10 , 7.81 , 11.92 , 31.67 , 2.61 , 1.66 , 0 , 11.92 , 10.67
1 , 2 , 0.98 , 0.00 , 0.20 , 0.00 , 0.98 , 0.09 , 0.20 , -0.02 , -60.00 , 21.00 , 0.00 , 488.82 , 0.21 , 7.76 , -50.18 , 45.75 , 2.06 , 4.88 , 0 , 9.82 , 24.75
1 , 2 , 0.83 , 0.00 , 0.56 , 0.00 , -0.02 , -0.82 , -0.01 , 0.57 , 210.00 , 21.00 , 0.00 , 488.82 , 0.06 , 7.81 , 218.73 , 27.85 , 1.93 , 0.74 , 0 , 8.73 , 6.85
1 , 2 , 1.00 , 0.00 , -0.00 , 0.00 , 0.25 , 0.97 , 0.00 , -0.00 , -100.00 , 21.00 , 0.00 , 488.82 , 0.00 , 7.79 , -99.87 , 49.78 , 0.03 , 5.75 , 0 , 0.13 , 28.78
1 , 2 , 0.45 , 0.00 , 0.89 , 0.00 , 0.06 , -0.45 , 0.11 , 0.88 , 70.00 , 21.00 , 0.00 , 488.82 , -0.11 , 7.81 , 57.49 , 32.99 , -2.73 , 1.96 , 0 , -12.51 , 11.99
1 , 2 , 0.70 , 0.00 , 0.72 , 0.00 , 0.65 , -0.26 , 0.67 , 0.27 , 15.00 , 21.00 , 0.00 , 488.82 , -0.01 , 7.81 , 14.25 , 24.82 , -0.17 , 0.00 , 0 , -0.75 , 3.82
1 , 2 , 0.76 , 0.00 , 0.64 , 0.00 , -0.44 , 0.63 , -0.37 , -0.53 , 230.00 , 21.00 , 0.00 , 488.82 , 0.03 , 7.81 , 234.28 , 25.45 , 0.95 , 0.16 , 0 , 4.28 , 4.45
1 , 2 , 0.92 , 0.00 , 0.39 , 0.00 , -0.92 , 0.09 , -0.39 , -0.04 , -20.00 , 21.00 , 0.00 , 488.82 , 0.17 , 7.81 , -6.64 , 36.42 , 2.87 , 2.79 , 0 , 13.36 , 15.42
1 , 2 , 0.07 , 0.00 , 1.00 , 0.00 , -0.05 , 0.05 , -0.65 , -0.75 , 150.00 , 21.00 , 0.00 , 593.73 , -0.11 , 9.54 , 145.33 , 55.33 , -0.98 , 6.85 , 0 , -4.67 , 34.33
1 , 2 , 0.62 , 0.00 , 0.78 , 0.00 , -0.58 , 0.23 , -0.73 , -0.29 , 30.00 , 21.00 , 0.00 , 593.73 , -0.05 , 9.57 , 23.18 , 27.90 , -1.54 , 0.36 , 0 , -6.82 , 6.90
1 , 2 , 0.17 , 0.00 , 0.99 , 0.00 , -0.17 , -0.01 , -0.98 , 0.06 , 130.00 , 21.00 , 0.00 , 593.73 , -0.20 , 9.49 , 119.59 , 52.41 , -2.20 , 6.21 , 0 , -10.41 , 31.41
1 , 2 , 0.54 , 0.00 , 0.84 , 0.00 , 0.53 , -0.09 , 0.83 , 0.14 , 50.00 , 21.00 , 0.00 , 593.73 , -0.07 , 9.56 , 38.32 , 31.25 , -2.63 , 1.20 , 0 , -11.68 , 10.25
1 , 2 , 1.00 , 0.00 , 0.10 , 0.00 , -0.78 , -0.61 , -0.08 , 0.06 , -80.00 , 21.00 , 0.00 , 593.73 , 0.13 , 9.54 , -73.52 , 54.70 , 1.36 , 6.71 , 0 , 6.48 , 33.70
1 , 2 , 0.98 , 0.00 , 0.20 , 0.00 , -0.88 , 0.44 , -0.18 , -0.09 , -60.00 , 21.00 , 0.00 , 593.73 , 0.21 , 9.51 , -48.19 , 51.16 , 2.50 , 5.93 , 0 , 11.81 , 30.16
1 , 2 , 0.83 , 0.00 , 0.56 , 0.00 , 0.63 , -0.53 , 0.43 , 0.36 , 210.00 , 21.00 , 0.00 , 593.73 , 0.06 , 9.56 , 220.37 , 30.12 , 2.34 , 0.90 , 0 , 10.37 , 9.12
1 , 2 , 0.27 , 0.00 , 0.96 , 0.00 , 0.02 , -0.27 , 0.08 , 0.96 , 110.00 , 21.00 , 0.00 , 593.73 , -0.21 , 9.53 , 95.60 , 47.64 , -3.08 , 5.13 , 0 , -14.40 , 26.63
1 , 2 , -0.00 , 0.71 , -0.00 , 0.71 , 0.00 , 0.71 , -0.00 , 0.71 , 190.00 , 21.00 , 0.00 , 593.73 , 0.00 , 9.56 , 190.01 , 26.89 , 0.00 , 0.00 , 0 , 0.01 , 5.89
1 , 2 , 1.00 , 0.00 , -0.00 , 0.00 , -0.50 , -0.87 , -0.00 , 0.00 , -100.00 , 21.00 , 0.00 , 593.73 , 0.00 , 9.54 , -99.83 , 55.97 , 0.04 , 6.98 , 0 , 0.17 , 34.97
1 , 2 , 0.88 , 0.00 , 0.48 , 0.00 , -0.50 , 0.72 , -0.28 , -0.39 , -0.00 , 21.00 , 0.00 , 593.73 , 0.10 , 9.56 , 14.20 , 34.56 , 3.17 , 2.02 , 0 , 14.20 , 13.56
1 , 2 , -0.00 , 0.71 , -0.00 , 0.71 , 0.00 , 0.71 , -0.00 , 0.71 , 170.00 , 21.00 , 0.00 , 593.73 , 0.00 , 9.66 , 170.01 , 26.82 , 0.00 , 0.00 , 0 , 0.01 , 5.82
1 , 2 , 0.70 , 0.00 , 0.72 , 0.00 , 0.63 , -0.30 , 0.65 , 0.31 , 15.00 , 21.00 , 0.00 , 593.73 , -0.01 , 9.56 , 14.11 , 26.61 , -0.20 , 0.01 , 0 , -0.89 , 5.61
1 , 2 , 0.92 , 0.00 , 0.39 , 0.00 , 0.16 , -0.91 , 0.07 , 0.38 , -20.00 , 21.00 , 0.00 , 593.73 , 0.17 , 9.55 , -4.04 , 40.12 , 3.49 , 3.39 , 0 , 15.96 , 19.12
1 , 2 , 0.96 , 0.00 , 0.30 , 0.00 , 0.49 , 0.83 , 0.14 , -0.24 , -40.00 , 21.00 , 0.00 , 593.73 , 0.12 , 9.57 , -25.45 , 46.85 , 3.16 , 4.93 , 0 , 14.55 , 25.85
1 , 2 , 0.36 , 0.00 , 0.93 , 0.00 , 0.29 , 0.22 , 0.75 , -0.55 , 90.00 , 21.00 , 0.00 , 593.73 , -0.19 , 9.54 , 73.97 , 41.89 , -3.48 , 3.80 , 0 , -16.03 , 20.89
1 , 2 , 0.45 , 0.00 , 0.89 , 0.00 , -0.45 , -0.09 , -0.87 , 0.17 , 70.00 , 21.00 , 0.00 , 593.73 , -0.11 , 9.56 , 55.10 , 36.10 , -3.31 , 2.39 , 0 , -14.91 , 15.10
1 , 2 , 0.76 , 0.00 , 0.64 , 0.00 , -0.65 , 0.40 , -0.55 , -0.34 , 230.00 , 21.00 , 0.00 , 593.73 , 0.03 , 9.56 , 235.08 , 27.35 , 1.16 , 0.20 , 0 , 5.08 , 6.35
