1 , 2 , 1 , 1.00 , 0.00 , -0.00 , -0.00 , 0.36 , 0.00 , 0.93 , 0.00 , 0.02 , 0.14 , -0.00 , 0.00 , 500.00 , 40.00 , 490.00 , 22.00 , 0.00 , 8460.82 , 0.00 , 7.00 , -0.00 , 5.76 , -0.09 , 4.43 , 500.00 , 42.82 , 493.73 , 38.22 , 0.00 , 0.00 , 0.91 , 3.25 , 1 , 0 , -0.00 , 2.82 , 3.73 , 16.22
1 , 2 , 1 , 1.00 , 0.00 , -0.00 , -0.00 , 0.27 , 0.00 , 0.96 , 0.00 , -0.08 , 0.05 , -0.00 , 0.00 , 550.00 , 40.00 , 540.00 , 22.00 , 0.00 , 8460.82 , 0.00 , 7.00 , -0.00 , 5.85 , -0.14 , 3.10 , 550.00 , 42.81 , 536.25 , 42.07 , 0.00 , -0.00 , -0.84 , 4.16 , 1 , 0 , -0.00 , 2.81 , -3.75 , 20.07
1 , 2 , 1 , 1.00 , 0.00 , -0.00 , -0.00 , 0.07 , 0.00 , 1.00 , 0.00 , 0.42 , 0.41 , -0.00 , 0.00 , 700.00 , 40.00 , 690.00 , 22.00 , 0.00 , 8460.82 , 0.00 , 7.00 , -0.01 , 5.95 , -0.02 , 1.52 , 700.00 , 42.69 , 669.29 , 33.59 , -0.00 , 0.00 , -4.83 , 1.51 , 1 , 0 , -0.00 , 2.69 , -20.71 , 11.59
1 , 2 , 1 , 1.00 , 0.00 , -0.00 , -0.00 , -0.00 , 0.71 , -0.00 , 0.71 , 0.66 , 0.15 , -0.00 , 0.00 , 800.00 , 40.00 , 790.00 , 22.00 , 0.00 , 8460.82 , 0.00 , 7.09 , -0.01 , 5.20 , 2.22 , 14.01 , 800.00 , 42.46 , 793.89 , 35.84 , 0.00 , 0.00 , 0.54 , -0.05 , 1 , 0 , -0.00 , 2.46 , 3.89 , 13.84
1 , 2 , 1 , 1.00 , 0.00 , -0.00 , -0.00 , 0.76 , 0.00 , 0.64 , 0.00 , 0.47 , 0.53 , -0.00 , 0.00 , 900.00 , 40.00 , 890.00 , 22.00 , 0.00 , 8460.82 , 0.00 , 7.09 , -0.01 , 5.57 , 0.17 , 6.08 , 900.00 , 42.70 , 891.55 , 26.30 , 0.00 , 0.00 , 0.34 , 0.01 , 1 , 0 , -0.00 , 2.70 , 1.55 , 4.30
1 , 2 , 1 , 1.00 , 0.00 , -0.00 , -0.00 , 1.00 , 0.00 , 0.10 , 0.00 , -0.67 , -0.72 , -0.00 , 0.00 , 50.00 , 40.00 , 40.00 , 22.00 , 0.00 , 8460.82 , 0.00 , 7.09 , -0.00 , 5.93 , -0.01 , 1.59 , 50.00 , 42.70 , 46.28 , 26.78 , 0.00 , -0.00 , -0.38 , -1.03 , 1 , 0 , 0.00 , 2.70 , 6.28 , 4.78
1 , 2 , 1 , 1.00 , 0.00 , -0.00 , -0.00 , 0.92 , 0.00 , 0.39 , 0.00 , -0.57 , 0.81 , -0.00 , 0.00 , 200.00 , 40.00 , 190.00 , 22.00 , 0.00 , 8460.82 , 0.00 , 7.09 , -0.00 , 5.73 , 0.27 , 4.97 , 200.00 , 42.79 , 194.88 , 39.22 , -0.00 , 0.00 , 1.04 , 3.45 , 1 , 0 , -0.00 , 2.79 , 4.88 , 17.22
1 , 2 , 1 , 1.00 , 0.00 , -0.00 , -0.00 , 0.70 , 0.00 , 0.72 , 0.00 , -0.49 , 0.05 , -0.00 , 0.00 , 300.00 , 40.00 , 290.00 , 22.00 , 0.00 , 8460.82 , 0.00 , 7.09 , -0.02 , 4.93 , 2.68 , 16.61 , 299.99 , 42.29 , 309.48 , 85.82 , -0.00 , 0.00 , 8.62 , 5.04 , 1 , 0 , -0.01 , 2.29 , 19.48 , 63.82
1 , 2 , 1 , 1.00 , 0.00 , -0.00 , -0.00 , -0.00 , 0.71 , -0.00 , 0.71 , 0.66 , 0.15 , -0.00 , 0.00 , 750.00 , 40.00 , 740.00 , 22.00 , 0.00 , 8460.82 , 0.00 , 7.09 , -0.01 , 5.20 , 2.22 , 14.01 , 750.00 , 42.46 , 743.89 , 35.84 , 0.00 , 0.00 , 0.54 , -0.05 , 1 , 0 , -0.00 , 2.46 , 3.89 , 13.84
1 , 2 , 1 , 1.00 , 0.00 , -0.00 , -0.00 , 0.17 , 0.00 , 0.99 , 0.00 , -0.46 , 0.46 , -0.00 , 0.00 , 600.00 , 40.00 , 590.00 , 22.00 , 0.00 , 8460.82 , 0.00 , 7.00 , -0.00 , 5.92 , -0.07 , 1.72 , 600.00 , 42.70 , 571.73 , 29.98 , 0.00 , -0.00 , -4.35 , 0.69 , 1 , 0 , -0.00 , 2.70 , -18.27 , 7.98
1 , 2 , 1 , 1.00 , 0.00 , -0.00 , -0.00 , 0.96 , 0.00 , 0.30 , 0.00 , -0.71 , 0.70 , -0.00 , 0.00 , 150.00 , 40.00 , 140.00 , 22.00 , 0.00 , 8460.82 , 0.00 , 7.09 , -0.00 , 5.83 , 0.19 , 3.39 , 150.00 , 42.83 , 140.56 , 39.79 , -0.00 , 0.00 , 0.12 , 3.67 , 1 , 0 , -0.00 , 2.83 , 0.56 , 17.78
1 , 2 , 1 , 1.00 , 0.00 , -0.00 , -0.00 , 0.45 , 0.00 , 0.89 , 0.00 , 0.44 , -0.06 , -0.00 , 0.00 , 450.00 , 40.00 , 440.00 , 22.00 , 0.00 , 8460.82 , -0.06 , 6.69 , -0.00 , 5.68 , -0.45 , 5.59 , 450.00 , 42.76 , 429.72 , 31.56 , 0.00 , 0.00 , -2.23 , 1.66 , 1 , 0 , -0.00 , 2.76 , -10.28 , 9.56
1 , 2 , 1 , 1.00 , 0.00 , -0.00 , -0.00 , 1.00 , 0.00 , -0.00 , 0.00 , -0.42 , 0.91 , -0.00 , 0.00 , -0.00 , 40.00 , -10.00 , 22.00 , 0.00 , 8460.82 , 0.00 , 7.09 , -0.00 , 4.86 , -0.01 , 8.23 , -0.00 , 42.73 , -10.46 , 52.39 , -0.00 , 0.00 , -0.10 , 6.30 , 1 , 0 , -0.00 , 2.73 , -0.46 , 30.39
1 , 2 , 1 , 1.00 , 0.00 , -0.00 , -0.00 , 0.83 , 0.00 , 0.56 , 0.00 , -0.66 , 0.71 , -0.00 , 0.00 , 850.00 , 40.00 , 840.00 , 22.00 , 0.00 , 8460.82 , 0.00 , 7.09 , -0.00 , 5.60 , 0.37 , 6.41 , 850.00 , 42.70 , 835.47 , 36.26 , 0.00 , -0.00 , -1.30 , 2.28 , 1 , 0 , -0.00 , 2.70 , -4.53 , 14.26
1 , 2 , 1 , 1.00 , 0.00 , -0.00 , -0.00 , 0.88 , 0.00 , 0.48 , 0.00 , -0.28 , -0.75 , -0.00 , 0.00 , 250.00 , 40.00 , 240.00 , 22.00 , 0.00 , 8460.82 , 0.00 , 7.09 , -0.00 , 5.68 , 0.47 , 5.58 , 250.00 , 42.76 , 247.63 , 27.96 , 0.00 , 0.00 , -0.56 , -0.17 , 1 , 0 , 0.00 , 2.76 , 7.63 , 5.96
1 , 2 , 1 , 1.00 , 0.00 , -0.00 , -0.00 , 0.98 , 0.00 , 0.20 , 0.00 , -0.97 , -0.15 , -0.00 , 0.00 , 100.00 , 40.00 , 90.00 , 22.00 , 0.00 , 8460.82 , 0.00 , 7.09 , -0.00 , 5.89 , 0.11 , 2.52 , 100.00 , 42.82 , 96.10 , 40.56 , -0.00 , -0.00 , 1.37 , 3.84 , 1 , 0 , -0.00 , 2.82 , 6.10 , 18.56
1 , 2 , 1 , 1.00 , 0.00 , -0.00 , -0.00 , 0.62 , 0.00 , 0.78 , 0.00 , -0.79 , 0.44 , -0.00 , 0.00 , 350.00 , 40.00 , 340.00 , 22.00 , 0.00 , 8460.82 , 0.00 , 7.09 , -0.00 , 5.71 , -0.09 , 6.02 , 350.00 , 42.71 , 345.38 , 31.39 , -0.00 , 0.00 , 1.34 , 1.16 , 1 , 0 , -0.00 , 2.71 , 5.38 , 9.39
1 , 2 , 1 , 1.00 , 0.00 , -0.00 , -0.00 , 0.54 , 0.00 , 0.84 , 0.00 , 0.11 , 0.07 , -0.00 , 0.00 , 400.00 , 40.00 , 390.00 , 22.00 , 0.00 , 8460.82 , 0.00 , 7.09 , -0.00 , 5.52 , -0.98 , 7.34 , 400.00 , 42.65 , 394.38 , 52.52 , -0.00 , 0.00 , 1.55 , 5.97 , 1 , 0 , -0.00 , 2.65 , 4.38 , 30.52
1 , 2 , 1 , 1.00 , 0.00 , -0.00 , -0.00 , 1.00 , 0.00 , 0.10 , 0.00 , 0.26 , -0.21 , -0.00 , 0.00 , 50.00 , 40.00 , 40.00 , 22.00 , 0.00 , 10553.86 , 0.00 , 8.91 , -0.07 , 7.34 , -0.09 , 9.41 , 50.00 , 44.10 , 38.64 , 36.19 , 0.00 , 0.00 , -0.82 , 1.02 , 1 , 0 , -0.00 , 4.10 , -1.36 , 14.19
1 , 2 , 1 , 1.00 , 0.00 , -0.00 , -0.00 , 0.45 , 0.00 , 0.89 , 0.00 , 0.01 , -0.45 , -0.00 , 0.00 , 450.00 , 40.00 , 440.00 , 22.00 , 0.00 , 10553.86 , 0.00 , 8.91 , -0.00 , 7.41 , -0.46 , 7.32 , 450.00 , 44.30 , 427.39 , 34.25 , 0.00 , 0.00 , -2.81 , 2.05 , 1 , 0 , -0.00 , 4.30 , -12.61 , 12.25
1 , 2 , 1 , 1.00 , 0.00 , -0.00 , -0.00 , 0.62 , 0.00 , 0.78 , 0.00 , 0.55 , 0.81 , -0.00 , 0.00 , 350.00 , 40.00 , 340.00 , 22.00 , 0.00 , 10553.86 , 0.00 , 8.91 , -0.00 , 7.23 , 0.29 , 9.43 , 350.00 , 44.14 , 332.79 , 46.94 , 0.00 , 0.00 , -2.13 , 4.18 , 1 , 0 , -0.00 , 4.14 , -7.21 , 24.94
1 , 2 , 1 , 1.00 , 0.00 , -0.00 , -0.00 , 0.54 , 0.00 , 0.84 , 0.00 , -0.12 , 0.92 , -0.00 , 0.00 , 400.00 , 40.00 , 390.00 , 22.00 , 0.00 , 10553.86 , 0.00 , 8.91 , -0.00 , 7.31 , -0.84 , 8.14 , 400.00 , 44.20 , 388.26 , 32.87 , 0.00 , 0.00 , -0.00 , -0.00 , 1 , 1 , -0.00 , 4.20 , -1.74 , 10.87
1 , 2 , 1 , 1.00 , 0.00 , -0.00 , -0.00 , 1.00 , 0.00 , -0.00 , 0.00 , -0.64 , 0.77 , -0.00 , 0.00 , -0.00 , 40.00 , -10.00 , 22.00 , 0.00 , 10553.86 , 0.00 , 8.91 , -0.00 , 6.67 , -0.02 , 8.04 , -0.00 , 44.31 , -10.50 , 52.94 , 0.00 , 0.00 , -0.11 , 6.42 , 1 , 0 , -0.00 , 4.31 , -0.50 , 30.94
1 , 2 , 1 , 1.00 , 0.00 , -0.00 , -0.00 , 0.76 , 0.00 , 0.64 , 0.00 , 0.41 , 0.58 , -0.00 , 0.00 , 900.00 , 40.00 , 890.00 , 22.00 , 0.00 , 10553.86 , 0.00 , 8.91 , -0.00 , 7.28 , 0.10 , 9.97 , 900.00 , 44.19 , 891.68 , 29.69 , -0.00 , 0.00 , 0.37 , 0.00 , 1 , 0 , -0.00 , 4.19 , 1.68 , 7.69
1 , 2 , 1 , 1.00 , 0.00 , -0.00 , -0.00 , 0.96 , 0.00 , 0.30 , 0.00 , 0.98 , -0.20 , -0.00 , 0.00 , 150.00 , 40.00 , 140.00 , 22.00 , 0.00 , 10553.86 , 0.00 , 8.91 , -0.00 , 7.60 , 0.11 , 4.27 , 150.00 , 44.36 , 140.27 , 47.68 , -0.00 , 0.00 , 0.06 , 5.32 , 1 , 0 , -0.00 , 4.36 , 0.27 , 25.68
1 , 2 , 1 , 1.00 , 0.00 , -0.00 , -0.00 , 0.83 , 0.00 , 0.56 , 0.00 , 0.02 , 0.31 , -0.00 , 0.00 , 850.00 , 40.00 , 840.00 , 22.00 , 0.00 , 10553.86 , 0.00 , 8.91 , -0.00 , 7.39 , 0.09 , 7.13 , 850.00 , 44.22 , 832.99 , 38.63 , 0.00 , 0.00 , -1.83 , 2.49 , 1 , 0 , -0.00 , 4.22 , -7.01 , 16.63
1 , 2 , 1 , 1.00 , 0.00 , -0.00 , -0.00 , 0.88 , 0.00 , 0.48 , 0.00 , 0.28 , 0.52 , -0.00 , 0.00 , 250.00 , 40.00 , 240.00 , 22.00 , 0.00 , 10553.86 , 0.00 , 8.91 , -0.00 , 7.42 , 0.50 , 7.24 , 250.00 , 44.11 , 240.96 , 32.75 , 0.00 , 0.00 , -0.14 , 0.05 , 1 , 0 , -0.00 , 4.11 , 0.96 , 10.75
1 , 2 , 1 , 1.00 , 0.00 , -0.00 , -0.00 , 0.98 , 0.00 , 0.20 , 0.00 , -0.71 , 0.21 , -0.00 , 0.00 , 100.00 , 40.00 , 90.00 , 22.00 , 0.00 , 10553.86 , 0.00 , 8.91 , -0.00 , 7.68 , -0.00 , 5.18 , 100.00 , 44.34 , 97.97 , 38.33 , 0.00 , 0.00 , -0.06 , -0.01 , 1 , 0 , 0.00 , 4.34 , 7.98 , 16.33
1 , 2 , 1 , 1.00 , 0.00 , -0.00 , -0.00 , -0.00 , 0.71 , -0.00 , 0.71 , -0.38 , 0.70 , -0.00 , 0.00 , 800.00 , 40.00 , 790.00 , 22.00 , 0.00 , 10553.86 , 0.00 , 8.91 , -0.01 , 6.61 , 1.22 , 20.47 , 800.00 , 43.62 , 797.19 , 53.92 , -0.00 , -0.00 , -0.24 , 0.07 , 1 , 0 , 0.00 , 3.62 , 7.19 , 31.92
1 , 2 , 1 , 1.00 , 0.00 , -0.00 , -0.00 , 0.36 , 0.00 , 0.93 , 0.00 , 0.00 , 0.00 , -0.00 , 0.00 , 500.00 , 40.00 , 490.00 , 22.00 , 0.00 , 10553.86 , 0.00 , 8.91 , -0.00 , 7.52 , -0.22 , 5.58 , 500.00 , 44.34 , 489.99 , 47.64 , 0.00 , 0.00 , -0.03 , 5.27 , 1 , 0 , -0.00 , 4.34 , -0.01 , 25.64
1 , 2 , 1 , 1.00 , 0.00 , -0.00 , -0.00 , 0.92 , 0.00 , 0.39 , 0.00 , 0.01 , -0.99 , -0.00 , 0.00 , 200.00 , 40.00 , 190.00 , 22.00 , 0.00 , 10553.86 , 0.00 , 8.91 , -0.00 , 7.47 , 0.12 , 6.32 , 200.00 , 44.35 , 185.33 , 44.76 , 0.00 , 0.00 , -1.13 , 4.58 , 1 , 0 , -0.00 , 4.35 , -4.67 , 22.76
1 , 2 , 1 , 1.00 , 0.00 , -0.00 , -0.00 , 0.27 , 0.00 , 0.96 , 0.00 , -0.00 , 0.00 , -0.00 , 0.00 , 550.00 , 40.00 , 540.00 , 22.00 , 0.00 , 10553.86 , 0.00 , 8.91 , -0.00 , 7.61 , -0.07 , 4.23 , 550.00 , 44.35 , 540.07 , 47.71 , 0.00 , 0.00 , 0.01 , 5.33 , 1 , 0 , -0.00 , 4.35 , 0.06 , 25.71
1 , 2 , 1 , 1.00 , 0.00 , -0.00 , -0.00 , -0.00 , 0.71 , -0.00 , 0.71 , -0.38 , 0.70 , -0.00 , 0.00 , 750.00 , 40.00 , 740.00 , 22.00 , 0.00 , 10553.86 , 0.00 , 8.91 , -0.01 , 6.61 , 1.22 , 20.47 , 750.00 , 43.62 , 747.19 , 53.92 , -0.00 , -0.00 , -0.24 , 0.07 , 1 , 0 , 0.00 , 3.62 , 7.19 , 31.92
1 , 2 , 1 , 1.00 , 0.00 , -0.00 , -0.00 , 0.70 , 0.00 , 0.72 , 0.00 , -0.55 , -0.84 , -0.00 , 0.00 , 300.00 , 40.00 , 290.00 , 22.00 , 0.00 , 10553.86 , 0.00 , 8.91 , 0.00 , 6.88 , -3.09 , 15.01 , 300.00 , 43.84 , 288.43 , 76.21 , 0.00 , 0.00 , -0.32 , 10.50 , 1 , 0 , -0.00 , 3.84 , -1.57 , 54.20
1 , 2 , 1 , 1.00 , 0.00 , -0.00 , -0.00 , 0.07 , 0.00 , 1.00 , 0.00 , -0.89 , -0.09 , -0.00 , 0.00 , 700.00 , 40.00 , 690.00 , 22.00 , 0.00 , 10553.86 , 0.00 , 8.91 , -0.03 , 7.43 , 0.12 , 7.67 , 700.00 , 44.11 , 685.58 , 31.10 , -0.00 , 0.00 , -0.62 , -0.46 , 1 , 0 , -0.00 , 4.11 , -4.42 , 9.10
1 , 2 , 1 , 1.00 , 0.00 , -0.00 , -0.00 , 0.17 , 0.00 , 0.99 , 0.00 , 0.48 , -0.87 , -0.00 , 0.00 , 600.00 , 40.00 , 590.00 , 22.00 , 0.00 , 10553.86 , 0.00 , 8.91 , -0.00 , 7.68 , 0.10 , 7.10 , 600.00 , 44.09 , 590.29 , 45.24 , 0.00 , 0.00 , 0.20 , 3.56 , 1 , 0 , -0.00 , 4.09 , 0.29 , 23.24
1 , 2 , 1 , 1.00 , 0.00 , -0.00 , -0.00 , 0.45 , 0.00 , 0.89 , 0.00 , 0.17 , -0.42 , -0.00 , 0.00 , 450.00 , 40.00 , 440.00 , 22.00 , 0.00 , 10095.84 , -0.08 , 8.05 , -0.00 , 6.95 , -0.50 , 6.86 , 450.00 , 43.93 , 427.99 , 33.57 , 0.00 , 0.00 , -2.69 , 1.97 , 1 , 0 , -0.00 , 3.93 , -12.01 , 11.57
1 , 2 , 1 , 1.00 , 0.00 , -0.00 , -0.00 , 0.36 , 0.00 , 0.93 , 0.00 , 0.08 , 0.04 , -0.00 , 0.00 , 500.00 , 40.00 , 490.00 , 22.00 , 0.00 , 10095.84 , -0.06 , 8.12 , -0.00 , 7.05 , -0.29 , 5.21 , 500.00 , 43.96 , 486.27 , 46.95 , 0.00 , 0.00 , -0.90 , 5.17 , 1 , 0 , -0.00 , 3.96 , -3.73 , 24.95
1 , 2 , 1 , 1.00 , 0.00 , -0.00 , -0.00 , 0.17 , 0.00 , 0.99 , 0.00 , 0.18 , 0.22 , -0.00 , 0.00 , 600.00 , 40.00 , 590.00 , 22.00 , 0.00 , 10095.84 , 0.00 , 8.43 , -0.02 , 7.10 , -0.04 , 6.88 , 600.00 , 43.99 , 577.89 , 42.73 , -0.00 , -0.00 , -2.73 , 4.25 , 1 , 0 , -0.00 , 3.99 , -12.11 , 20.73
1 , 2 , 1 , 1.00 , 0.00 , -0.00 , -0.00 , 0.76 , 0.00 , 0.64 , 0.00 , -0.44 , -0.79 , -0.00 , 0.00 , 900.00 , 40.00 , 890.00 , 22.00 , 0.00 , 10095.84 , 0.00 , 8.43 , -0.00 , 6.72 , -0.33 , 9.78 , 900.00 , 43.74 , 879.15 , 43.87 , -0.00 , 0.00 , -3.24 , 2.63 , 1 , 0 , -0.00 , 3.74 , -10.85 , 21.87
1 , 2 , 1 , 1.00 , 0.00 , -0.00 , -0.00 , 0.98 , 0.00 , 0.20 , 0.00 , -0.53 , -0.41 , -0.00 , 0.00 , 100.00 , 40.00 , 90.00 , 22.00 , 0.00 , 10095.84 , 0.00 , 8.43 , -0.00 , 7.21 , 0.05 , 5.45 , 100.00 , 43.85 , 97.76 , 47.94 , 0.02 , -0.00 , 1.50 , 0.33 , 0 , 0 , -0.00 , 3.85 , 7.76 , 25.94
1 , 2 , 1 , 1.00 , 0.00 , -0.00 , -0.00 , 0.54 , 0.00 , 0.84 , 0.00 , 0.22 , 0.29 , -0.00 , 0.00 , 400.00 , 40.00 , 390.00 , 22.00 , 0.00 , 10095.84 , -0.12 , 7.93 , -0.00 , 6.87 , -0.51 , 7.52 , 400.00 , 43.86 , 395.98 , 36.30 , -0.00 , 0.00 , 1.83 , 1.94 , 1 , 0 , -0.00 , 3.86 , 5.98 , 14.30
1 , 2 , 1 , 1.00 , 0.00 , -0.00 , -0.00 , 1.00 , 0.00 , 0.10 , 0.00 , -0.73 , -0.64 , -0.00 , 0.00 , 50.00 , 40.00 , 40.00 , 22.00 , 0.00 , 10095.84 , 0.00 , 8.43 , -0.03 , 6.94 , 0.03 , 11.25 , 50.00 , 43.81 , 46.31 , 28.91 , -0.00 , -0.00 , -0.49 , -0.91 , 1 , 0 , 0.00 , 3.81 , 6.31 , 6.91
1 , 2 , 1 , 1.00 , 0.00 , -0.00 , -0.00 , 0.07 , 0.00 , 1.00 , 0.00 , 0.77 , -0.16 , -0.00 , 0.00 , 700.00 , 40.00 , 690.00 , 22.00 , 0.00 , 10095.84 , 0.00 , 8.43 , -0.04 , 6.86 , -0.01 , 12.69 , 700.00 , 43.77 , 678.85 , 29.90 , 0.00 , 0.00 , -2.47 , -0.56 , 1 , 0 , -0.00 , 3.77 , -11.15 , 7.90
1 , 2 , 1 , 1.00 , 0.00 , -0.00 , -0.00 , -0.00 , 0.71 , -0.00 , 0.71 , 0.62 , 0.39 , -0.00 , 0.00 , 800.00 , 40.00 , 790.00 , 22.00 , 0.00 , 10095.84 , 0.00 , 8.43 , -0.01 , 6.25 , 0.92 , 18.60 , 800.01 , 43.37 , 797.73 , 56.11 , 0.00 , 0.00 , 1.81 , 2.80 , 1 , 0 , 0.01 , 3.37 , 7.73 , 34.11
1 , 2 , 1 , 1.00 , 0.00 , -0.00 , -0.00 , 1.00 , 0.00 , -0.00 , 0.00 , -0.01 , -1.00 , -0.00 , 0.00 , -0.00 , 40.00 , -10.00 , 22.00 , 0.00 , 10095.84 , 0.00 , 8.43 , -0.00 , 6.02 , -0.02 , 9.44 , -0.00 , 43.87 , -10.75 , 58.29 , -0.00 , 0.00 , -0.17 , 7.46 , 1 , 0 , -0.00 , 3.87 , -0.75 , 36.29
1 , 2 , 1 , 1.00 , 0.00 , -0.00 , -0.00 , 0.96 , 0.00 , 0.30 , 0.00 , 0.75 , -0.66 , -0.00 , 0.00 , 150.00 , 40.00 , 140.00 , 22.00 , 0.00 , 10095.84 , 0.00 , 8.43 , -0.00 , 7.13 , 0.10 , 3.86 , 150.00 , 43.99 , 141.64 , 46.48 , 0.00 , 0.00 , 0.37 , 5.11 , 1 , 0 , -0.00 , 3.99 , 1.64 , 24.48
1 , 2 , 1 , 1.00 , 0.00 , -0.00 , -0.00 , 0.92 , 0.00 , 0.39 , 0.00 , -0.62 , -0.77 , -0.00 , 0.00 , 200.00 , 40.00 , 190.00 , 22.00 , 0.00 , 10095.84 , -0.06 , 8.09 , -0.00 , 7.00 , 0.19 , 5.86 , 200.00 , 43.98 , 185.66 , 43.30 , 0.00 , 0.00 , -1.06 , 4.32 , 1 , 0 , -0.00 , 3.98 , -4.34 , 21.30
1 , 2 , 1 , 1.00 , 0.00 , -0.00 , -0.00 , 0.27 , 0.00 , 0.96 , 0.00 , 0.14 , -0.08 , -0.00 , 0.00 , 550.00 , 40.00 , 540.00 , 22.00 , 0.00 , 10095.84 , 0.00 , 8.43 , -0.00 , 7.14 , -0.07 , 3.72 , 550.00 , 43.96 , 532.03 , 47.95 , 0.00 , 0.00 , -1.78 , 5.33 , 1 , 0 , -0.00 , 3.96 , -7.97 , 25.95
1 , 2 , 1 , 1.00 , 0.00 , -0.00 , -0.00 , 0.62 , 0.00 , 0.78 , 0.00 , -0.12 , -0.75 , -0.00 , 0.00 , 350.00 , 40.00 , 340.00 , 22.00 , 0.00 , 10095.84 , 0.00 , 8.43 , -0.00 , 6.87 , 0.23 , 7.87 , 350.00 , 43.86 , 347.79 , 35.41 , 0.00 , 0.00 , -0.67 , -0.11 , 1 , 0 , 0.00 , 3.86 , 7.79 , 13.41
1 , 2 , 1 , 1.00 , 0.00 , -0.00 , -0.00 , 0.70 , 0.00 , 0.72 , 0.00 , 0.29 , 0.09 , -0.00 , 0.00 , 300.00 , 40.00 , 290.00 , 22.00 , 0.00 , 10095.84 , 0.00 , 8.43 , -0.00 , 6.35 , 1.20 , 14.54 , 300.00 , 43.46 , 297.48 , 65.71 , -0.00 , 0.00 , 1.61 , 5.10 , 1 , 0 , -0.00 , 3.46 , 7.48 , 43.71
1 , 2 , 1 , 1.00 , 0.00 , -0.00 , -0.00 , 0.83 , 0.00 , 0.56 , 0.00 , -0.01 , -0.08 , -0.00 , 0.00 , 850.00 , 40.00 , 840.00 , 22.00 , 0.00 , 10095.84 , -0.10 , 8.02 , -0.00 , 6.94 , -0.14 , 6.88 , 850.00 , 43.92 , 841.12 , 37.88 , 0.00 , 0.00 , 0.45 , 2.83 , 1 , 0 , -0.00 , 3.92 , 1.12 , 15.88
1 , 2 , 1 , 1.00 , 0.00 , -0.00 , -0.00 , 0.88 , 0.00 , 0.48 , 0.00 , -0.23 , -0.64 , -0.00 , -0.00 , 250.00 , 40.00 , 240.00 , 22.00 , 0.00 , 10095.84 , -0.08 , 8.05 , -0.00 , 6.95 , 0.53 , 6.80 , 250.00 , 43.80 , 248.01 , 30.13 , 0.01 , -0.00 , -1.79 , -0.13 , 0 , 0 , -0.00 , 3.80 , 8.01 , 8.12
1 , 2 , 1 , 1.00 , 0.00 , -0.00 , -0.00 , -0.00 , 0.71 , -0.00 , 0.71 , 0.67 , 0.33 , -0.00 , 0.00 , 750.00 , 40.00 , 740.00 , 22.00 , 0.00 , 10095.84 , 0.00 , 8.43 , -0.01 , 6.25 , 0.92 , 18.60 , 750.01 , 43.37 , 747.82 , 56.30 , 0.05 , -0.00 , 0.71 , 2.89 , 0 , 0 , 0.01 , 3.37 , 7.82 , 34.30
1 , 2 , 1 , 1.00 , 0.00 , -0.00 , -0.00 , 0.36 , 0.00 , 0.93 , 0.00 , 0.08 , 0.14 , -0.00 , 0.00 , 500.00 , 40.00 , 490.00 , 22.00 , 0.00 , 8773.70 , 0.00 , 7.28 , -0.00 , 5.93 , -0.15 , 4.56 , 500.00 , 43.03 , 494.67 , 38.83 , -0.00 , 0.00 , 1.12 , 3.38 , 1 , 0 , -0.00 , 3.03 , 4.66 , 16.83
1 , 2 , 1 , 1.00 , 0.00 , -0.00 , -0.00 , 0.07 , 0.00 , 1.00 , 0.00 , 0.49 , 0.16 , -0.00 , 0.00 , 700.00 , 40.00 , 690.00 , 22.00 , 0.00 , 8773.70 , 0.00 , 7.28 , -0.01 , 6.10 , 0.06 , 6.21 , 700.00 , 42.92 , 669.67 , 36.64 , 0.00 , 0.00 , -4.71 , 2.48 , 1 , 0 , -0.00 , 2.92 , -20.33 , 14.64
1 , 2 , 1 , 1.00 , 0.00 , -0.00 , -0.00 , 0.62 , 0.00 , 0.78 , 0.00 , 0.25 , -0.64 , -0.00 , 0.00 , 350.00 , 40.00 , 340.00 , 22.00 , 0.00 , 8773.70 , 0.00 , 7.28 , -0.00 , 5.71 , 0.28 , 7.82 , 350.00 , 42.88 , 348.00 , 35.17 , 0.00 , -0.00 , 0.00 , -0.00 , 1 , 1 , 0.00 , 2.88 , 8.00 , 13.16
1 , 2 , 1 , 1.00 , 0.00 , -0.00 , -0.00 , 1.00 , 0.00 , -0.00 , 0.00 , 0.88 , 0.48 , -0.00 , 0.00 , -0.00 , 40.00 , -10.00 , 22.00 , 0.00 , 8773.70 , 0.00 , 7.28 , -0.00 , 5.01 , -0.01 , 7.03 , -0.00 , 42.98 , -10.32 , 49.11 , 0.00 , 0.00 , -0.07 , 5.64 , 1 , 0 , -0.00 , 2.98 , -0.32 , 27.11
1 , 2 , 1 , 1.00 , 0.00 , -0.00 , -0.00 , 0.70 , 0.00 , 0.72 , 0.00 , 0.03 , -0.15 , -0.00 , 0.00 , 300.00 , 40.00 , 290.00 , 22.00 , 0.00 , 8773.70 , 0.00 , 7.28 , -0.00 , 5.41 , 0.39 , 11.70 , 300.00 , 42.67 , 288.33 , 62.92 , -0.00 , 0.00 , 1.27 , 4.06 , 1 , 0 , -0.00 , 2.67 , -1.67 , 40.92
1 , 2 , 1 , 1.00 , 0.00 , -0.00 , -0.00 , 0.17 , 0.00 , 0.99 , 0.00 , -0.36 , 0.29 , -0.00 , 0.00 , 600.00 , 40.00 , 590.00 , 22.00 , 0.00 , 8773.70 , 0.00 , 7.28 , -0.00 , 6.09 , -0.04 , 1.89 , 600.00 , 43.01 , 574.49 , 34.72 , 0.00 , 0.00 , -3.53 , 2.42 , 1 , 0 , -0.00 , 3.01 , -15.51 , 12.72
1 , 2 , 1 , 1.00 , 0.00 , -0.00 , -0.00 , 0.83 , 0.00 , 0.56 , 0.00 , 0.45 , -0.13 , -0.00 , 0.00 , 850.00 , 40.00 , 840.00 , 22.00 , 0.00 , 8773.70 , 0.00 , 7.28 , -0.00 , 5.74 , 0.68 , 6.78 , 850.00 , 42.88 , 843.61 , 29.26 , -0.00 , 0.00 , 0.79 , -0.53 , 1 , 0 , -0.00 , 2.88 , 3.61 , 7.26
1 , 2 , 1 , 1.00 , 0.00 , -0.00 , -0.00 , 0.76 , 0.00 , 0.64 , 0.00 , 0.28 , -0.59 , -0.00 , 0.00 , 900.00 , 40.00 , 890.00 , 22.00 , 0.00 , 8773.70 , 0.00 , 7.28 , -0.00 , 5.63 , -0.26 , 8.80 , 900.00 , 42.82 , 886.97 , 29.82 , 0.00 , 0.00 , -0.74 , 0.10 , 1 , 0 , -0.00 , 2.82 , -3.03 , 7.82
1 , 2 , 1 , 1.00 , 0.00 , -0.00 , -0.00 , 1.00 , 0.00 , 0.10 , 0.00 , 0.14 , -0.73 , -0.00 , 0.00 , 50.00 , 40.00 , 40.00 , 22.00 , 0.00 , 8773.70 , 0.00 , 7.28 , -0.00 , 6.09 , -0.02 , 2.00 , 50.00 , 42.90 , 47.70 , 26.80 , 0.00 , -0.00 , -0.20 , -0.02 , 1 , 0 , 0.00 , 2.90 , 7.70 , 4.80
1 , 2 , 1 , 1.00 , 0.00 , -0.00 , -0.00 , 0.96 , 0.00 , 0.30 , 0.00 , -0.71 , -0.70 , -0.00 , 0.00 , 150.00 , 40.00 , 140.00 , 22.00 , 0.00 , 8773.70 , 0.00 , 7.28 , -0.00 , 6.00 , 0.19 , 3.53 , 150.00 , 43.02 , 143.01 , 42.74 , 0.00 , 0.00 , 0.68 , 4.31 , 1 , 0 , -0.00 , 3.02 , 3.01 , 20.74
1 , 2 , 1 , 1.00 , 0.00 , -0.00 , -0.00 , 0.88 , 0.00 , 0.48 , 0.00 , -0.46 , -0.69 , -0.00 , 0.00 , 250.00 , 40.00 , 240.00 , 22.00 , 0.00 , 8773.70 , -0.06 , 6.95 , -0.00 , 5.85 , 0.51 , 5.75 , 250.00 , 42.95 , 247.28 , 27.92 , -0.00 , 0.00 , -0.70 , -0.29 , 1 , 0 , 0.00 , 2.95 , 7.28 , 5.92
1 , 2 , 1 , 1.00 , 0.00 , -0.00 , -0.00 , 0.27 , 0.00 , 0.96 , 0.00 , 0.00 , -0.00 , -0.00 , 0.00 , 550.00 , 40.00 , 540.00 , 22.00 , 0.00 , 8773.70 , 0.00 , 7.28 , -0.00 , 6.02 , -0.16 , 3.31 , 550.00 , 43.03 , 540.02 , 41.62 , 0.00 , 0.00 , 0.00 , 4.08 , 1 , 0 , -0.00 , 3.03 , 0.01 , 19.62
1 , 2 , 1 , 1.00 , 0.00 , -0.00 , -0.00 , 0.54 , 0.00 , 0.84 , 0.00 , 0.44 , 0.80 , -0.00 , 0.00 , 400.00 , 40.00 , 390.00 , 22.00 , 0.00 , 8773.70 , -0.06 , 6.95 , -0.00 , 5.85 , 0.09 , 6.11 , 400.00 , 42.97 , 391.92 , 26.73 , 0.00 , 0.00 , 0.51 , 0.45 , 1 , 0 , -0.00 , 2.97 , 1.92 , 4.72
1 , 2 , 1 , 1.00 , 0.00 , -0.00 , -0.00 , 0.98 , 0.00 , 0.20 , 0.00 , 0.27 , -0.86 , -0.00 , 0.00 , 100.00 , 40.00 , 90.00 , 22.00 , 0.00 , 8773.70 , 0.00 , 7.28 , -0.00 , 6.08 , 0.04 , 2.04 , 100.00 , 43.03 , 96.68 , 28.74 , 0.00 , -0.00 , -0.66 , -0.55 , 1 , 0 , 0.00 , 3.03 , 6.68 , 6.74
1 , 2 , 1 , 1.00 , 0.00 , -0.00 , -0.00 , 0.45 , 0.00 , 0.89 , 0.00 , 0.43 , -0.14 , -0.00 , 0.00 , 450.00 , 40.00 , 440.00 , 22.00 , 0.00 , 8773.70 , -0.06 , 6.95 , -0.00 , 5.85 , -0.49 , 5.76 , 450.00 , 42.97 , 429.42 , 31.92 , 0.00 , 0.00 , -2.32 , 1.72 , 1 , 0 , -0.00 , 2.97 , -10.58 , 9.92
1 , 2 , 1 , 1.00 , 0.00 , -0.00 , -0.00 , -0.00 , 0.71 , -0.00 , 0.71 , -0.67 , -0.30 , -0.00 , 0.00 , 800.00 , 40.00 , 790.00 , 22.00 , 0.00 , 8773.70 , 0.00 , 7.28 , -0.00 , 5.45 , 0.42 , 11.43 , 800.00 , 42.70 , 798.00 , 36.54 , 0.00 , -0.00 , 0.00 , -0.00 , 1 , 1 , -0.00 , 2.70 , 8.00 , 14.54
1 , 2 , 1 , 1.00 , 0.00 , -0.00 , -0.00 , 0.92 , 0.00 , 0.39 , 0.00 , -0.84 , 0.52 , -0.00 , 0.00 , 200.00 , 40.00 , 190.00 , 22.00 , 0.00 , 8773.70 , 0.00 , 7.28 , -0.00 , 5.90 , 0.27 , 5.24 , 200.00 , 43.00 , 194.71 , 40.19 , 0.00 , 0.00 , 1.01 , 3.66 , 1 , 0 , -0.00 , 3.00 , 4.71 , 18.19
1 , 2 , 1 , 1.00 , 0.00 , -0.00 , -0.00 , -0.00 , 0.71 , -0.00 , 0.71 , -0.67 , -0.30 , -0.00 , 0.00 , 750.00 , 40.00 , 740.00 , 22.00 , 0.00 , 8773.70 , 0.00 , 7.28 , -0.01 , 5.54 , 0.42 , 11.43 , 750.00 , 42.70 , 748.00 , 36.54 , 0.00 , -0.00 , 0.00 , -0.00 , 1 , 1 , -0.00 , 2.70 , 8.00 , 14.54
1 , 2 , 1 , 1.00 , 0.00 , -0.00 , -0.00 , 0.88 , 0.00 , 0.48 , 0.00 , -0.42 , -0.81 , -0.00 , 0.00 , 250.00 , 40.00 , 240.00 , 22.00 , 0.00 , 11996.72 , -0.10 , 9.71 , -0.00 , 8.42 , 0.59 , 8.34 , 250.00 , 45.54 , 246.75 , 30.58 , 0.00 , 0.00 , -0.62 , -0.58 , 1 , 0 , 0.00 , 5.54 , 6.75 , 8.58
1 , 2 , 1 , 1.00 , 0.00 , -0.00 , -0.00 , 1.00 , 0.00 , 0.10 , 0.00 , 0.21 , 0.04 , -0.00 , 0.00 , 50.00 , 40.00 , 40.00 , 22.00 , 0.00 , 11996.72 , 0.00 , 10.17 , -0.03 , 8.16 , 0.08 , 14.20 , 50.00 , 45.33 , 34.84 , 46.21 , -0.00 , 0.00 , -1.63 , 3.61 , 1 , 0 , -0.00 , 5.33 , -5.15 , 24.21
1 , 2 , 1 , 1.00 , 0.00 , -0.00 , -0.00 , 0.07 , 0.00 , 1.00 , 0.00 , -0.86 , 0.18 , -0.00 , 0.00 , 700.00 , 40.00 , 690.00 , 22.00 , 0.00 , 10579.19 , 0.00 , 8.93 , -0.04 , 7.02 , -0.10 , 12.59 , 700.00 , 44.13 , 684.97 , 31.16 , 0.00 , 0.00 , -0.78 , -0.51 , 1 , 0 , -0.00 , 4.13 , -5.03 , 9.16
1 , 2 , 1 , 1.00 , 0.00 , -0.00 , -0.00 , 0.36 , 0.00 , 0.93 , 0.00 , -0.07 , -0.09 , -0.00 , 0.00 , 500.00 , 40.00 , 490.00 , 22.00 , 0.00 , 11996.72 , 0.00 , 10.17 , -0.00 , 8.53 , -0.20 , 6.75 , 500.00 , 45.58 , 483.94 , 52.62 , 0.00 , -0.00 , -1.43 , 6.30 , 1 , 0 , -0.00 , 5.58 , -6.06 , 30.62
1 , 2 , 1 , 1.00 , 0.00 , -0.00 , -0.00 , 0.98 , 0.00 , 0.20 , 0.00 , 0.69 , -0.22 , -0.00 , 0.00 , 100.00 , 40.00 , 90.00 , 22.00 , 0.00 , 11996.72 , 0.00 , 10.17 , -0.03 , 8.38 , 0.09 , 9.97 , 100.00 , 45.54 , 97.49 , 32.38 , -0.00 , 0.00 , -0.19 , -0.01 , 1 , 0 , 0.00 , 5.54 , 7.49 , 10.38
1 , 2 , 1 , 1.00 , 0.00 , -0.00 , -0.00 , -0.00 , 0.71 , -0.00 , 0.71 , -0.32 , -0.25 , -0.00 , 0.00 , 750.00 , 40.00 , 740.00 , 22.00 , 0.00 , 11996.72 , 0.00 , 10.17 , -0.00 , 8.01 , 0.38 , 13.64 , 749.99 , 45.13 , 724.85 , 58.00 , -0.00 , 0.00 , -4.81 , 4.33 , 1 , 0 , -0.01 , 5.13 , -15.15 , 36.00
1 , 2 , 1 , 1.00 , 0.00 , -0.00 , -0.00 , 0.17 , 0.00 , 0.99 , 0.00 , 0.99 , 0.12 , -0.00 , 0.00 , 600.00 , 40.00 , 590.00 , 22.00 , 0.00 , 11996.72 , 0.00 , 10.17 , -0.07 , 8.08 , -0.23 , 15.67 , 600.00 , 45.21 , 583.87 , 61.30 , -0.00 , 0.00 , -1.67 , 7.10 , 1 , 0 , -0.00 , 5.21 , -6.13 , 39.30
1 , 2 , 1 , 1.00 , 0.00 , -0.00 , -0.00 , -0.00 , 0.71 , -0.00 , 0.71 , -0.26 , -0.31 , -0.00 , 0.00 , 800.00 , 40.00 , 790.00 , 22.00 , 0.00 , 11996.72 , 0.00 , 10.17 , -0.00 , 8.01 , 0.38 , 13.64 , 799.99 , 45.13 , 775.19 , 57.70 , -0.00 , 0.00 , -4.81 , 4.33 , 1 , 0 , -0.01 , 5.13 , -14.81 , 35.70
1 , 2 , 1 , 1.00 , 0.00 , -0.00 , -0.00 , 0.92 , 0.00 , 0.39 , 0.00 , 0.94 , 0.32 , -0.00 , 0.00 , 200.00 , 40.00 , 190.00 , 22.00 , 0.00 , 11996.72 , 0.00 , 10.17 , -0.00 , 8.49 , 0.27 , 7.38 , 200.00 , 45.62 , 182.59 , 48.31 , 0.00 , -0.00 , -1.75 , 5.32 , 1 , 0 , -0.00 , 5.62 , -7.41 , 26.31
1 , 2 , 1 , 1.00 , 0.00 , -0.00 , -0.00 , 0.83 , 0.00 , 0.56 , 0.00 , 0.33 , -0.41 , -0.00 , 0.00 , 850.00 , 40.00 , 840.00 , 22.00 , 0.00 , 11996.72 , 0.00 , 10.17 , -0.00 , 8.16 , 0.98 , 11.79 , 849.99 , 45.27 , 847.30 , 46.16 , 0.00 , 0.00 , 1.62 , -0.82 , 1 , 0 , -0.01 , 5.27 , 7.30 , 24.16
1 , 2 , 1 , 1.00 , 0.00 , -0.00 , -0.00 , 0.54 , 0.00 , 0.84 , 0.00 , 0.21 , -0.08 , -0.00 , 0.00 , 400.00 , 40.00 , 390.00 , 22.00 , 0.00 , 11996.72 , 0.00 , 10.17 , -0.00 , 8.15 , -1.44 , 11.28 , 399.99 , 45.26 , 376.81 , 60.43 , 0.00 , -0.00 , -3.37 , 7.01 , 1 , 0 , -0.01 , 5.26 , -13.19 , 38.42
1 , 2 , 1 , 1.00 , 0.00 , -0.00 , -0.00 , 0.27 , 0.00 , 0.96 , 0.00 , -0.06 , -0.15 , -0.00 , 0.00 , 550.00 , 40.00 , 540.00 , 22.00 , 0.00 , 11996.72 , 0.00 , 10.17 , -0.02 , 8.53 , 0.03 , 6.92 , 550.00 , 45.60 , 530.89 , 51.11 , 0.00 , 0.00 , -2.06 , 6.01 , 1 , 0 , -0.00 , 5.60 , -9.11 , 29.11
1 , 2 , 1 , 1.00 , 0.00 , -0.00 , -0.00 , 0.76 , 0.00 , 0.64 , 0.00 , 0.55 , -0.24 , -0.00 , 0.00 , 900.00 , 40.00 , 890.00 , 22.00 , 0.00 , 11996.72 , 0.00 , 10.17 , -0.00 , 7.92 , -1.31 , 15.10 , 899.99 , 45.05 , 880.09 , 52.05 , -0.00 , 0.00 , -2.74 , 0.77 , 1 , 0 , -0.01 , 5.05 , -9.91 , 30.05
1 , 2 , 1 , 1.00 , 0.00 , -0.00 , -0.00 , 1.00 , 0.00 , -0.00 , 0.00 , -0.76 , 0.65 , -0.00 , 0.00 , -0.00 , 40.00 , -10.00 , 22.00 , 0.00 , 10579.19 , 0.00 , 8.93 , -0.01 , 7.21 , -0.00 , 8.76 , -0.00 , 44.32 , -10.53 , 53.35 , 0.00 , 0.00 , -0.12 , 6.55 , 1 , 0 , -0.00 , 4.32 , -0.53 , 31.35
1 , 2 , 1 , 1.00 , 0.00 , -0.00 , -0.00 , 0.96 , 0.00 , 0.30 , 0.00 , -0.95 , -0.22 , -0.00 , 0.00 , 150.00 , 40.00 , 140.00 , 22.00 , 0.00 , 11996.72 , 0.00 , 10.17 , -0.00 , 8.62 , -0.05 , 5.28 , 150.01 , 45.54 , 147.24 , 40.37 , 0.00 , -0.00 , -0.68 , -1.44 , 1 , 0 , 0.01 , 5.54 , 7.24 , 18.37
1 , 2 , 1 , 1.00 , 0.00 , -0.00 , -0.00 , 0.62 , 0.00 , 0.78 , 0.00 , -0.84 , 0.33 , -0.00 , 0.00 , 350.00 , 40.00 , 340.00 , 22.00 , 0.00 , 11996.72 , 0.00 , 10.17 , -0.00 , 8.25 , 0.24 , 11.02 , 350.00 , 45.38 , 326.57 , 43.89 , 0.00 , 0.00 , -3.80 , 3.06 , 1 , 0 , -0.00 , 5.38 , -13.43 , 21.89
1 , 2 , 1 , 1.00 , 0.00 , -0.00 , -0.00 , 0.45 , 0.00 , 0.89 , 0.00 , -0.42 , -0.10 , -0.00 , 0.00 , 450.00 , 40.00 , 440.00 , 22.00 , 0.00 , 11996.72 , -0.10 , 9.71 , -0.00 , 8.51 , -0.48 , 8.38 , 450.00 , 45.54 , 425.67 , 37.62 , 0.00 , 0.00 , -3.27 , 2.61 , 1 , 0 , -0.00 , 5.54 , -14.33 , 15.62
1 , 2 , 1 , 1.00 , 0.00 , -0.00 , -0.00 , 0.70 , 0.00 , 0.72 , 0.00 , 0.53 , -0.54 , -0.00 , 0.00 , 300.00 , 40.00 , 290.00 , 22.00 , 0.00 , 11996.72 , 0.00 , 10.17 , -0.00 , 8.13 , 1.02 , 11.39 , 300.00 , 45.25 , 295.81 , 42.71 , 0.00 , -0.00 , 1.37 , 0.19 , 1 , 0 , -0.00 , 5.25 , 5.81 , 20.71
1 , 2 , 1 , 1.00 , 0.00 , -0.00 , -0.00 , -0.00 , 0.71 , -0.00 , 0.71 , 0.40 , -0.23 , 0.01 , -0.00 , 800.00 , 40.00 , 790.00 , 22.00 , 0.00 , 10685.66 , 0.00 , 9.03 , -0.01 , 6.60 , 1.30 , 21.01 , 800.43 , 43.70 , 755.02 , 65.40 , -0.00 , -0.00 , 5.00 , 3.79 , 1 , 0 , 0.43 , 3.70 , -34.98 , 43.40
1 , 2 , 1 , 1.00 , 0.00 , -0.00 , -0.00 , 0.96 , 0.00 , 0.30 , 0.00 , 0.88 , 0.47 , -0.00 , 0.00 , 150.00 , 40.00 , 140.00 , 22.00 , 0.00 , 10685.66 , 0.00 , 9.03 , -0.00 , 7.62 , 0.07 , 4.28 , 150.00 , 44.45 , 143.36 , 48.94 , -0.00 , 0.00 , 0.74 , 5.54 , 1 , 0 , -0.00 , 4.45 , 3.36 , 26.94
1 , 2 , 1 , 1.00 , 0.00 , -0.00 , -0.00 , -0.00 , 0.71 , -0.00 , 0.71 , 0.28 , 0.65 , -0.02 , 0.00 , 750.00 , 40.00 , 740.00 , 22.00 , 0.00 , 10685.66 , 0.00 , 9.03 , -0.01 , 6.60 , 1.30 , 21.01 , 749.89 , 43.71 , 696.41 , 65.62 , -0.00 , -0.00 , -10.44 , 3.61 , 1 , 0 , -0.11 , 3.71 , -43.59 , 43.62
1 , 2 , 1 , 1.00 , 0.00 , -0.00 , -0.00 , 0.92 , 0.00 , 0.39 , 0.00 , 0.26 , -0.96 , -0.00 , 0.00 , 200.00 , 40.00 , 190.00 , 22.00 , 0.00 , 10685.66 , 0.00 , 9.03 , -0.00 , 7.49 , 0.17 , 6.36 , 200.00 , 44.46 , 185.05 , 45.26 , -0.00 , 0.00 , -1.18 , 4.65 , 1 , 0 , -0.00 , 4.46 , -4.94 , 23.26
1 , 2 , 1 , 1.00 , 0.00 , -0.00 , -0.00 , 0.54 , 0.00 , 0.84 , 0.00 , -0.15 , 0.11 , -0.00 , 0.00 , 400.00 , 40.00 , 390.00 , 22.00 , 0.00 , 10685.66 , -0.14 , 8.38 , -0.00 , 7.32 , -0.95 , 8.27 , 400.00 , 44.29 , 379.96 , 54.27 , -0.00 , 0.00 , -2.53 , 6.26 , 1 , 0 , -0.00 , 4.29 , -10.04 , 32.27
1 , 2 , 1 , 1.00 , 0.00 , -0.00 , -0.00 , 0.36 , 0.00 , 0.93 , 0.00 , 0.08 , -0.05 , -0.00 , 0.00 , 500.00 , 40.00 , 490.00 , 22.00 , 0.00 , 10685.66 , 0.00 , 9.03 , -0.00 , 7.54 , -0.28 , 5.63 , 500.00 , 44.43 , 485.25 , 48.97 , 0.00 , 0.00 , -1.12 , 5.54 , 1 , 0 , -0.00 , 4.43 , -4.75 , 26.97
1 , 2 , 1 , 1.00 , 0.00 , -0.00 , -0.00 , 0.27 , 0.00 , 0.96 , 0.00 , 0.08 , -0.04 , -0.00 , 0.00 , 550.00 , 40.00 , 540.00 , 22.00 , 0.00 , 10685.66 , 0.00 , 9.03 , -0.00 , 7.63 , -0.04 , 4.26 , 550.00 , 44.45 , 535.53 , 48.88 , 0.00 , 0.00 , -1.00 , 5.56 , 1 , 0 , -0.00 , 4.45 , -4.47 , 26.88
1 , 2 , 1 , 1.00 , 0.00 , -0.00 , -0.00 , 0.76 , 0.00 , 0.64 , 0.00 , -0.71 , 0.27 , -0.00 , 0.00 , 900.00 , 40.00 , 890.00 , 22.00 , 0.00 , 10685.66 , 0.00 , 9.03 , -0.00 , 7.34 , -0.41 , 9.51 , 900.00 , 44.33 , 894.95 , 28.76 , -0.00 , -0.00 , 1.18 , 0.19 , 1 , 0 , -0.00 , 4.33 , 4.95 , 6.76
1 , 2 , 1 , 1.00 , 0.00 , -0.00 , -0.00 , 0.70 , 0.00 , 0.72 , 0.00 , -0.33 , 0.52 , -0.00 , 0.00 , 300.00 , 40.00 , 290.00 , 22.00 , 0.00 , 10685.66 , 0.00 , 9.03 , 0.01 , 6.69 , 2.40 , 18.17 , 300.00 , 43.77 , 303.87 , 67.02 , 0.00 , 0.00 , 3.61 , 0.92 , 1 , 0 , -0.00 , 3.77 , 13.87 , 45.02
1 , 2 , 1 , 1.00 , 0.00 , -0.00 , -0.00 , 0.83 , 0.00 , 0.56 , 0.00 , -0.36 , 0.19 , -0.00 , 0.00 , 850.00 , 40.00 , 840.00 , 22.00 , 0.00 , 8099.95 , 0.00 , 6.78 , -0.00 , 5.25 , 0.11 , 5.84 , 850.00 , 42.49 , 842.19 , 28.80 , 0.00 , 0.00 , 0.64 , 0.57 , 1 , 0 , -0.00 , 2.49 , 2.19 , 6.80
1 , 2 , 1 , 1.00 , 0.00 , -0.00 , -0.00 , 0.17 , 0.00 , 0.99 , 0.00 , -0.35 , -0.00 , -0.00 , 0.00 , 600.00 , 40.00 , 590.00 , 22.00 , 0.00 , 8099.95 , 0.00 , 6.78 , -0.00 , 5.51 , -0.08 , 1.85 , 600.00 , 42.58 , 578.46 , 37.03 , -0.00 , 0.00 , -2.60 , 3.05 , 1 , 0 , -0.00 , 2.58 , -11.54 , 15.03
1 , 2 , 1 , 1.00 , 0.00 , -0.00 , -0.00 , 0.62 , 0.00 , 0.78 , 0.00 , 0.57 , 0.58 , -0.00 , 0.00 , 350.00 , 40.00 , 340.00 , 22.00 , 0.00 , 8099.95 , 0.00 , 6.69 , -0.00 , 5.27 , 0.32 , 5.63 , 350.00 , 42.50 , 342.80 , 26.60 , 0.00 , 0.00 , 0.66 , 0.22 , 1 , 0 , -0.00 , 2.50 , 2.80 , 4.60
1 , 2 , 1 , 1.00 , 0.00 , -0.00 , -0.00 , 0.07 , 0.00 , 1.00 , 0.00 , -0.06 , 0.61 , -0.00 , 0.00 , 700.00 , 40.00 , 690.00 , 22.00 , 0.00 , 8099.95 , 0.00 , 6.78 , -0.00 , 4.34 , -0.13 , 8.58 , 699.90 , 42.48 , 670.70 , 31.43 , -0.00 , -0.00 , -4.51 , 1.16 , 1 , 0 , -0.10 , 2.48 , -19.30 , 9.43
1 , 2 , 1 , 1.00 , 0.00 , -0.00 , -0.00 , 0.88 , 0.00 , 0.48 , 0.00 , -0.01 , -0.76 , -0.00 , 0.00 , 250.00 , 40.00 , 240.00 , 22.00 , 0.00 , 8099.95 , 0.00 , 6.78 , -0.00 , 5.30 , 0.50 , 5.21 , 250.00 , 42.53 , 247.76 , 28.76 , 0.00 , 0.00 , -0.64 , -0.10 , 1 , 0 , 0.00 , 2.53 , 7.76 , 6.76
1 , 2 , 1 , 1.00 , 0.00 , -0.00 , -0.00 , 0.45 , 0.00 , 0.89 , 0.00 , 0.44 , 0.09 , -0.00 , 0.00 , 450.00 , 40.00 , 440.00 , 22.00 , 0.00 , 8099.95 , -0.05 , 6.39 , -0.00 , 5.30 , -0.49 , 5.21 , 450.00 , 42.53 , 430.28 , 31.01 , 0.00 , 0.00 , -2.13 , 1.59 , 1 , 0 , -0.00 , 2.53 , -9.72 , 9.00
1 , 2 , 1 , 1.00 , 0.00 , -0.00 , -0.00 , 1.00 , 0.00 , -0.00 , 0.00 , -0.97 , 0.23 , -0.00 , 0.00 , -0.00 , 40.00 , -10.00 , 22.00 , 0.00 , 8099.95 , 0.00 , 6.69 , -0.00 , 4.54 , -0.00 , 4.77 , -0.00 , 42.60 , -10.08 , 40.87 , 0.00 , -0.00 , -0.02 , 3.97 , 1 , 0 , -0.00 , 2.60 , -0.07 , 18.87
1 , 2 , 1 , 1.00 , 0.00 , -0.00 , -0.00 , 0.98 , 0.00 , 0.20 , 0.00 , -0.39 , 0.85 , -0.00 , -0.00 , 100.00 , 40.00 , 90.00 , 22.00 , 0.00 , 8099.95 , 0.00 , 6.69 , -0.00 , 5.50 , 0.07 , 1.98 , 100.00 , 42.59 , 97.24 , 36.78 , 0.00 , 0.00 , 0.00 , 0.00 , 1 , 1 , 0.00 , 2.59 , 7.24 , 14.78
1 , 2 , 1 , 1.00 , 0.00 , -0.00 , -0.00 , 1.00 , 0.00 , 0.10 , 0.00 , -0.82 , -0.54 , -0.00 , -0.00 , 50.00 , 40.00 , 40.00 , 22.00 , 0.00 , 8099.95 , 0.00 , 6.78 , -0.00 , 5.52 , -0.01 , 1.74 , 50.00 , 42.57 , 47.24 , 40.91 , 0.01 , 0.00 , 0.02 , 1.86 , 0 , 0 , 0.00 , 2.57 , 7.24 , 18.91
1 , 2 , 1 , 1.00 , 0.00 , -0.00 , -0.00 , 0.98 , 0.00 , 0.20 , 0.00 , 0.74 , 0.15 , -0.00 , 0.00 , 100.00 , 40.00 , 90.00 , 22.00 , 0.00 , 9646.92 , 0.00 , 8.12 , -0.00 , 6.89 , 0.04 , 2.91 , 100.00 , 43.38 , 76.41 , 99.51 , 0.00 , -0.00 , -4.43 , 18.10 , 1 , 0 , -0.00 , 3.38 , -13.59 , 77.51
1 , 2 , 1 , 1.00 , 0.00 , -0.00 , -0.00 , 0.45 , 0.00 , 0.89 , 0.00 , 0.26 , -0.37 , -0.00 , 0.00 , 450.00 , 40.00 , 440.00 , 22.00 , 0.00 , 9646.92 , -0.07 , 7.67 , -0.00 , 6.57 , -0.50 , 6.49 , 450.00 , 43.59 , 428.38 , 33.07 , -0.00 , 0.00 , -2.56 , 1.88 , 1 , 0 , -0.00 , 3.59 , -11.62 , 11.07
1 , 2 , 1 , 1.00 , 0.00 , -0.00 , -0.00 , 0.27 , 0.00 , 0.96 , 0.00 , 0.12 , -0.05 , -0.00 , 0.00 , 550.00 , 40.00 , 540.00 , 22.00 , 0.00 , 9646.92 , 0.00 , 8.04 , -0.00 , 6.77 , -0.09 , 3.38 , 550.00 , 43.61 , 533.44 , 47.89 , 0.00 , 0.00 , -1.47 , 5.36 , 1 , 0 , -0.00 , 3.61 , -6.56 , 25.89
1 , 2 , 1 , 1.00 , 0.00 , -0.00 , -0.00 , 0.83 , 0.00 , 0.56 , 0.00 , 0.48 , -0.33 , -0.00 , 0.00 , 850.00 , 40.00 , 840.00 , 22.00 , 0.00 , 9646.92 , 0.00 , 8.12 , -0.00 , 6.68 , -0.26 , 6.44 , 850.00 , 43.60 , 837.97 , 26.04 , 0.00 , 0.00 , -0.50 , 0.17 , 1 , 0 , -0.00 , 3.60 , -2.03 , 4.04
1 , 2 , 1 , 1.00 , 0.00 , -0.00 , -0.00 , 0.88 , 0.00 , 0.48 , 0.00 , -0.49 , -0.67 , -0.00 , 0.00 , 250.00 , 40.00 , 240.00 , 22.00 , 0.00 , 9646.92 , 0.00 , 8.12 , -0.00 , 6.66 , 0.49 , 6.53 , 250.00 , 43.52 , 247.32 , 29.21 , -0.00 , -0.00 , -0.65 , -0.28 , 1 , 0 , 0.00 , 3.52 , 7.32 , 7.21
1 , 2 , 1 , 1.00 , 0.00 , -0.00 , -0.00 , -0.00 , 0.71 , -0.00 , 0.71 , 0.70 , -0.12 , -0.00 , 0.00 , 750.00 , 40.00 , 740.00 , 22.00 , 0.00 , 9646.92 , 0.00 , 8.04 , -0.00 , 5.95 , 1.31 , 14.80 , 749.99 , 43.12 , 744.52 , 44.59 , 0.00 , 0.00 , 0.82 , -0.01 , 1 , 0 , -0.01 , 3.12 , 4.52 , 22.59
1 , 2 , 1 , 1.00 , 0.00 , -0.00 , -0.00 , 0.70 , 0.00 , 0.72 , 0.00 , -0.60 , 0.39 , -0.00 , 0.00 , 300.00 , 40.00 , 290.00 , 22.00 , 0.00 , 9646.92 , 0.00 , 8.04 , -0.00 , 6.04 , 1.23 , 12.40 , 300.00 , 43.18 , 278.64 , 37.05 , 0.00 , 0.00 , -3.25 , -0.09 , 1 , 0 , -0.00 , 3.18 , -11.36 , 15.05
1 , 2 , 1 , 1.00 , 0.00 , -0.00 , -0.00 , 0.92 , 0.00 , 0.39 , 0.00 , -0.93 , -0.36 , -0.00 , 0.00 , 200.00 , 40.00 , 190.00 , 22.00 , 0.00 , 9646.92 , 0.00 , 8.12 , -0.00 , 6.72 , 0.15 , 5.58 , 200.00 , 43.64 , 186.40 , 42.30 , 0.00 , 0.00 , -0.89 , 4.09 , 1 , 0 , -0.00 , 3.64 , -3.60 , 20.30
1 , 2 , 1 , 1.00 , 0.00 , -0.00 , -0.00 , 0.54 , 0.00 , 0.84 , 0.00 , -0.91 , -0.09 , -0.00 , 0.00 , 400.00 , 40.00 , 390.00 , 22.00 , 0.00 , 9646.92 , -0.10 , 7.60 , -0.00 , 6.53 , -0.22 , 6.93 , 400.00 , 43.55 , 384.04 , 33.98 , -0.00 , 0.00 , -1.67 , 1.59 , 1 , 0 , -0.00 , 3.55 , -5.96 , 11.98
1 , 2 , 1 , 1.00 , 0.00 , -0.00 , -0.00 , 0.96 , 0.00 , 0.30 , 0.00 , -0.30 , -0.95 , -0.00 , 0.00 , 150.00 , 40.00 , 140.00 , 22.00 , 0.00 , 9646.92 , 0.00 , 8.12 , -0.00 , 6.81 , 0.17 , 4.26 , 150.00 , 43.66 , 140.42 , 44.09 , -0.00 , 0.00 , 0.09 , 4.58 , 1 , 0 , -0.00 , 3.66 , 0.42 , 22.09
1 , 2 , 1 , 1.00 , 0.00 , -0.00 , -0.00 , 0.62 , 0.00 , 0.78 , 0.00 , -0.63 , -0.10 , -0.00 , 0.00 , 350.00 , 40.00 , 340.00 , 22.00 , 0.00 , 9646.92 , 0.00 , 8.04 , -0.00 , 6.56 , 0.66 , 7.45 , 350.00 , 43.56 , 335.24 , 27.09 , -0.00 , 0.00 , -1.15 , 0.21 , 1 , 0 , -0.00 , 3.56 , -4.76 , 5.09
1 , 2 , 1 , 1.00 , 0.00 , -0.00 , -0.00 , 0.76 , 0.00 , 0.64 , 0.00 , 0.06 , -0.00 , -0.00 , 0.00 , 900.00 , 40.00 , 890.00 , 22.00 , 0.00 , 9646.92 , 0.00 , 8.04 , -0.00 , 6.37 , -0.30 , 9.36 , 900.00 , 43.43 , 887.66 , 47.52 , 0.00 , -0.00 , -0.49 , 4.29 , 1 , 0 , -0.00 , 3.43 , -2.34 , 25.52
1 , 2 , 1 , 1.00 , 0.00 , -0.00 , -0.00 , -0.00 , 0.71 , -0.00 , 0.71 , 0.70 , -0.12 , -0.00 , 0.00 , 800.00 , 40.00 , 790.00 , 22.00 , 0.00 , 9646.92 , 0.00 , 8.04 , -0.00 , 5.95 , 1.31 , 14.80 , 799.99 , 43.12 , 794.52 , 44.59 , 0.00 , 0.00 , 0.82 , -0.01 , 1 , 0 , -0.01 , 3.12 , 4.52 , 22.59
1 , 2 , 1 , 1.00 , 0.00 , -0.00 , -0.00 , 0.17 , 0.00 , 0.99 , 0.00 , 0.62 , 0.47 , -0.00 , 0.00 , 600.00 , 40.00 , 590.00 , 22.00 , 0.00 , 9646.92 , 0.00 , 8.04 , -0.00 , 6.84 , -0.05 , 4.86 , 600.00 , 43.51 , 579.99 , 32.61 , 0.00 , 0.00 , -1.87 , -0.41 , 1 , 0 , -0.00 , 3.51 , -10.01 , 10.60
1 , 2 , 1 , 1.00 , 0.00 , -0.00 , -0.00 , 1.00 , 0.00 , -0.00 , 0.00 , 0.76 , -0.65 , -0.00 , 0.00 , -0.00 , 40.00 , -10.00 , 22.00 , 0.00 , 9646.92 , 0.00 , 8.04 , -0.00 , 5.81 , -0.01 , 6.08 , -0.00 , 43.65 , -10.27 , 46.51 , 0.00 , 0.00 , -0.06 , 5.09 , 1 , 0 , -0.00 , 3.65 , -0.26 , 24.51
1 , 2 , 1 , 1.00 , 0.00 , -0.00 , -0.00 , 0.07 , 0.00 , 1.00 , 0.00 , 0.12 , 0.85 , -0.00 , 0.00 , 700.00 , 40.00 , 690.00 , 22.00 , 0.00 , 9646.92 , 0.00 , 8.12 , -0.00 , 5.72 , -0.16 , 11.33 , 700.00 , 43.46 , 682.54 , 27.89 , 0.00 , 0.00 , -1.49 , -0.80 , 1 , 0 , -0.00 , 3.46 , -7.47 , 5.89
1 , 2 , 1 , 1.00 , 0.00 , -0.00 , -0.00 , 1.00 , 0.00 , 0.10 , 0.00 , 0.06 , -0.75 , -0.00 , 0.00 , 50.00 , 40.00 , 40.00 , 22.00 , 0.00 , 9646.92 , 0.00 , 8.12 , -0.00 , 6.92 , -0.12 , 6.98 , 50.00 , 43.45 , 48.01 , 29.81 , 0.00 , 0.00 , -0.00 , -0.00 , 1 , 1 , -0.00 , 3.45 , 8.01 , 7.81
1 , 2 , 1 , 1.00 , 0.00 , -0.00 , -0.00 , 0.36 , 0.00 , 0.93 , 0.00 , 0.18 , -0.05 , -0.00 , 0.00 , 500.00 , 40.00 , 490.00 , 22.00 , 0.00 , 9646.92 , 0.00 , 8.04 , -0.00 , 6.65 , -0.12 , 5.29 , 500.00 , 43.66 , 496.49 , 41.04 , -0.00 , 0.00 , 1.52 , 3.82 , 1 , 0 , -0.00 , 3.66 , 6.49 , 19.04
1 , 2 , 1 , 1.00 , 0.00 , -0.00 , -0.00 , 0.45 , 0.00 , 0.89 , 0.00 , 0.38 , -0.25 , -0.00 , 0.00 , 450.00 , 40.00 , 440.00 , 22.00 , 0.00 , 9126.09 , 0.00 , 7.67 , -0.00 , 6.14 , -0.49 , 6.06 , 450.00 , 43.21 , 429.00 , 32.38 , -0.00 , 0.00 , -2.42 , 1.79 , 1 , 0 , -0.00 , 3.21 , -11.00 , 10.38
1 , 2 , 1 , 1.00 , 0.00 , -0.00 , -0.00 , 0.07 , 0.00 , 1.00 , 0.00 , 0.04 , -0.73 , -0.00 , 0.00 , 700.00 , 40.00 , 690.00 , 22.00 , 0.00 , 9126.09 , 0.00 , 7.67 , -0.05 , 6.16 , 0.06 , 6.52 , 700.00 , 43.12 , 675.84 , 27.95 , -0.00 , 0.00 , -3.25 , -0.20 , 1 , 0 , -0.00 , 3.12 , -14.16 , 5.95
1 , 2 , 1 , 1.00 , 0.00 , -0.00 , -0.00 , 0.27 , 0.00 , 0.96 , 0.00 , 0.10 , 0.08 , -0.00 , 0.00 , 550.00 , 40.00 , 540.00 , 22.00 , 0.00 , 9126.09 , 0.00 , 7.67 , -0.00 , 6.33 , -0.12 , 3.00 , 550.00 , 43.24 , 534.27 , 45.77 , 0.00 , 0.00 , -1.29 , 4.94 , 1 , 0 , -0.00 , 3.24 , -5.73 , 23.77
1 , 2 , 1 , 1.00 , 0.00 , -0.00 , -0.00 , -0.00 , 0.71 , -0.00 , 0.71 , -0.15 , -0.97 , -0.00 , 0.00 , 800.00 , 40.00 , 790.00 , 22.00 , 0.00 , 9126.09 , 0.00 , 7.67 , -0.00 , 5.83 , 1.54 , 11.37 , 800.00 , 42.99 , 797.05 , 35.66 , -0.00 , 0.00 , -0.49 , 1.06 , 1 , 0 , 0.00 , 2.99 , 7.05 , 13.66
1 , 2 , 1 , 1.00 , 0.00 , -0.00 , -0.00 , 0.76 , 0.00 , 0.64 , 0.00 , 0.70 , 0.12 , -0.00 , 0.00 , 900.00 , 40.00 , 890.00 , 22.00 , 0.00 , 9126.09 , 0.00 , 7.67 , -0.00 , 5.96 , 0.07 , 7.37 , 900.00 , 43.09 , 890.30 , 28.11 , 0.00 , -0.00 , 0.06 , -0.00 , 1 , 0 , -0.00 , 3.09 , 0.30 , 6.11
1 , 2 , 1 , 1.00 , 0.00 , -0.00 , -0.00 , 0.96 , 0.00 , 0.30 , 0.00 , -0.19 , -0.98 , -0.00 , 0.00 , 150.00 , 40.00 , 140.00 , 22.00 , 0.00 , 9126.09 , 0.00 , 7.67 , -0.00 , 6.30 , 0.20 , 3.78 , 150.00 , 43.26 , 142.89 , 44.05 , -0.00 , 0.00 , 0.65 , 4.58 , 1 , 0 , -0.00 , 3.26 , 2.89 , 22.05
1 , 2 , 1 , 1.00 , 0.00 , -0.00 , -0.00 , 1.00 , 0.00 , -0.00 , 0.00 , 0.47 , -0.88 , -0.00 , 0.00 , -0.00 , 40.00 , -10.00 , 22.00 , 0.00 , 9126.09 , 0.00 , 7.67 , -0.00 , 5.36 , -0.01 , 5.94 , -0.00 , 43.26 , -10.20 , 45.71 , -0.00 , 0.00 , -0.04 , 4.93 , 1 , 0 , -0.00 , 3.26 , -0.20 , 23.71
1 , 2 , 1 , 1.00 , 0.00 , -0.00 , -0.00 , 0.92 , 0.00 , 0.39 , 0.00 , -0.96 , 0.27 , -0.00 , 0.00 , 200.00 , 40.00 , 190.00 , 22.00 , 0.00 , 9126.09 , 0.00 , 7.67 , -0.00 , 6.20 , 0.22 , 5.08 , 200.00 , 43.26 , 190.09 , 41.31 , -0.00 , 0.00 , -0.05 , 3.89 , 1 , 0 , -0.00 , 3.26 , 0.09 , 19.31
1 , 2 , 1 , 1.00 , 0.00 , -0.00 , -0.00 , 0.17 , 0.00 , 0.99 , 0.00 , 0.21 , 0.03 , -0.00 , 0.00 , 600.00 , 40.00 , 590.00 , 22.00 , 0.00 , 9126.09 , 0.00 , 7.67 , -0.00 , 6.38 , -0.02 , 2.20 , 600.00 , 43.23 , 580.18 , 45.55 , -0.00 , 0.00 , -2.19 , 4.87 , 1 , 0 , -0.00 , 3.23 , -9.82 , 23.55
1 , 2 , 1 , 1.00 , 0.00 , -0.00 , -0.00 , -0.00 , 0.71 , -0.00 , 0.71 , -0.15 , -0.97 , -0.00 , 0.00 , 750.00 , 40.00 , 740.00 , 22.00 , 0.00 , 9126.09 , 0.00 , 7.67 , -0.00 , 5.83 , 1.54 , 11.37 , 750.00 , 42.99 , 747.05 , 35.66 , -0.00 , 0.00 , -0.49 , 1.06 , 1 , 0 , 0.00 , 2.99 , 7.05 , 13.66
1 , 2 , 1 , 1.00 , 0.00 , -0.00 , -0.00 , 0.54 , 0.00 , 0.84 , 0.00 , 0.35 , -0.67 , -0.00 , 0.00 , 400.00 , 40.00 , 390.00 , 22.00 , 0.00 , 9126.09 , 0.00 , 7.67 , -0.00 , 6.13 , -0.02 , 6.50 , 400.00 , 43.20 , 388.69 , 25.50 , 0.00 , -0.00 , -0.25 , -0.03 , 1 , 0 , -0.00 , 3.20 , -1.31 , 3.50
1 , 2 , 1 , 1.00 , 0.00 , -0.00 , -0.00 , 0.70 , 0.00 , 0.72 , 0.00 , -0.99 , -0.17 , -0.00 , 0.00 , 300.00 , 40.00 , 290.00 , 22.00 , 0.00 , 9126.09 , 0.00 , 7.67 , -0.00 , 5.62 , -1.58 , 13.46 , 300.00 , 42.84 , 296.61 , 61.93 , 0.00 , 0.00 , -0.50 , 6.58 , 1 , 0 , 0.00 , 2.84 , 6.61 , 39.93
1 , 2 , 1 , 1.00 , 0.00 , -0.00 , -0.00 , 0.83 , 0.00 , 0.56 , 0.00 , 0.76 , 0.36 , -0.00 , 0.00 , 850.00 , 40.00 , 840.00 , 22.00 , 0.00 , 9126.09 , 0.00 , 7.67 , -0.00 , 5.94 , 0.85 , 8.66 , 850.00 , 43.05 , 847.28 , 34.27 , 0.00 , -0.00 , 1.37 , -0.61 , 1 , 0 , 0.00 , 3.05 , 7.28 , 12.26
1 , 2 , 1 , 1.00 , 0.00 , -0.00 , -0.00 , 0.88 , 0.00 , 0.48 , 0.00 , -0.53 , -0.66 , -0.00 , 0.00 , 250.00 , 40.00 , 240.00 , 22.00 , 0.00 , 9126.09 , 0.00 , 7.67 , -0.00 , 6.15 , 0.52 , 6.03 , 250.00 , 43.17 , 247.19 , 28.38 , -0.00 , 0.00 , -0.75 , -0.37 , 1 , 0 , 0.00 , 3.17 , 7.19 , 6.38
1 , 2 , 1 , 1.00 , 0.00 , -0.00 , -0.00 , 0.62 , 0.00 , 0.78 , 0.00 , -0.23 , 0.72 , -0.00 , 0.00 , 350.00 , 40.00 , 340.00 , 22.00 , 0.00 , 9126.09 , 0.00 , 7.67 , -0.00 , 5.94 , -0.20 , 10.14 , 350.00 , 43.07 , 343.70 , 29.36 , -0.00 , -0.00 , 0.92 , 0.15 , 1 , 0 , -0.00 , 3.07 , 3.70 , 7.36
1 , 2 , 1 , 1.00 , 0.00 , -0.00 , -0.00 , 1.00 , 0.00 , 0.10 , 0.00 , 0.28 , -0.76 , -0.00 , 0.00 , 50.00 , 40.00 , 40.00 , 22.00 , 0.00 , 9126.09 , 0.00 , 7.67 , -0.00 , 6.42 , -0.09 , 7.79 , 50.00 , 43.11 , 48.00 , 28.42 , -0.00 , 0.00 , -0.00 , -0.00 , 1 , 1 , 0.00 , 3.11 , 8.01 , 6.42
1 , 2 , 1 , 1.00 , 0.00 , -0.00 , -0.00 , 0.36 , 0.00 , 0.93 , 0.00 , 0.18 , 0.10 , -0.00 , 0.00 , 500.00 , 40.00 , 490.00 , 22.00 , 0.00 , 9126.09 , 0.00 , 7.67 , -0.00 , 6.22 , -0.14 , 4.84 , 500.00 , 43.27 , 496.39 , 39.30 , 0.00 , 0.00 , 1.51 , 3.46 , 1 , 0 , -0.00 , 3.27 , 6.39 , 17.30
1 , 2 , 1 , 1.00 , 0.00 , -0.00 , -0.00 , 0.98 , 0.00 , 0.20 , 0.00 , -0.20 , 0.67 , -0.00 , -0.00 , 100.00 , 40.00 , 90.00 , 22.00 , 0.00 , 9126.09 , 0.00 , 7.67 , -0.00 , 6.37 , 0.03 , 2.33 , 100.00 , 43.27 , 97.96 , 35.84 , 0.00 , 0.00 , 0.47 , -0.01 , 1 , 0 , 0.00 , 3.27 , 7.96 , 13.84
1 , 2 , 1 , 1.00 , 0.00 , -0.00 , -0.00 , 0.17 , 0.00 , 0.99 , 0.00 , -0.15 , -0.22 , -0.00 , 0.00 , 600.00 , 40.00 , 590.00 , 22.00 , 0.00 , 11795.43 , 0.00 , 9.90 , -0.01 , 8.33 , -0.12 , 9.32 , 599.99 , 44.92 , 557.96 , 99.46 , 0.00 , -0.00 , -5.91 , 13.38 , 1 , 0 , -0.01 , 4.92 , -32.04 , 77.46
1 , 2 , 1 , 1.00 , 0.00 , -0.00 , -0.00 , -0.00 , 0.71 , -0.00 , 0.71 , -0.05 , 0.66 , -0.00 , 0.00 , 750.00 , 40.00 , 740.00 , 22.00 , 0.00 , 11795.43 , 0.00 , 9.90 , -0.02 , 7.27 , 4.40 , 21.68 , 749.99 , 44.35 , 754.17 , 99.35 , 0.00 , 0.00 , 3.63 , 11.42 , 1 , 0 , -0.01 , 4.35 , 14.17 , 77.35
1 , 2 , 1 , 1.00 , 0.00 , -0.00 , -0.00 , 0.83 , 0.00 , 0.56 , 0.00 , 0.58 , -0.22 , -0.00 , 0.00 , 850.00 , 40.00 , 840.00 , 22.00 , 0.00 , 11795.43 , -0.17 , 9.30 , -0.00 , 8.11 , 0.84 , 11.39 , 849.99 , 45.11 , 840.55 , 41.86 , 0.00 , 0.00 , 0.48 , 0.11 , 1 , 0 , -0.01 , 5.11 , 0.55 , 19.86
1 , 2 , 1 , 1.00 , 0.00 , -0.00 , -0.00 , 0.76 , 0.00 , 0.64 , 0.00 , 0.53 , 0.48 , -0.00 , 0.00 , 900.00 , 40.00 , 890.00 , 22.00 , 0.00 , 11795.43 , 0.00 , 9.90 , -0.00 , 8.10 , 0.14 , 10.25 , 900.00 , 45.12 , 891.48 , 33.75 , -0.00 , 0.00 , 0.35 , 0.00 , 1 , 0 , -0.00 , 5.12 , 1.48 , 11.75
1 , 2 , 1 , 1.00 , 0.00 , -0.00 , -0.00 , 0.92 , 0.00 , 0.39 , 0.00 , 0.99 , 0.07 , -0.00 , 0.00 , 200.00 , 40.00 , 190.00 , 22.00 , 0.00 , 11795.43 , 0.00 , 9.99 , -0.00 , 8.41 , 0.18 , 7.30 , 200.00 , 45.43 , 184.40 , 48.23 , 0.00 , 0.00 , -1.34 , 5.32 , 1 , 0 , -0.00 , 5.43 , -5.60 , 26.23
1 , 2 , 1 , 1.00 , 0.00 , -0.00 , -0.00 , 0.98 , 0.00 , 0.20 , 0.00 , 0.10 , 0.23 , -0.00 , 0.00 , 100.00 , 40.00 , 90.00 , 22.00 , 0.00 , 11795.43 , 0.00 , 9.90 , -0.02 , 8.35 , 0.17 , 14.19 , 100.00 , 45.13 , 84.83 , 44.81 , 0.00 , 0.00 , -1.75 , 3.11 , 1 , 0 , -0.00 , 5.13 , -5.17 , 22.81
1 , 2 , 1 , 1.00 , 0.00 , -0.00 , -0.00 , 0.70 , 0.00 , 0.72 , 0.00 , 0.09 , 0.09 , -0.00 , 0.00 , 300.00 , 40.00 , 290.00 , 22.00 , 0.00 , 11795.43 , 0.00 , 9.99 , -0.00 , 7.98 , -0.14 , 13.21 , 299.99 , 45.00 , 284.73 , 68.96 , 0.00 , 0.00 , -2.15 , 8.15 , 1 , 0 , -0.01 , 5.00 , -5.27 , 46.96
1 , 2 , 1 , 1.00 , 0.00 , -0.00 , -0.00 , 0.27 , 0.00 , 0.96 , 0.00 , -0.07 , -0.03 , -0.00 , 0.00 , 550.00 , 40.00 , 540.00 , 22.00 , 0.00 , 11795.43 , 0.00 , 9.90 , -0.00 , 8.59 , 0.04 , 6.41 , 550.00 , 45.39 , 535.84 , 54.03 , 0.00 , 0.00 , -0.95 , 6.65 , 1 , 0 , -0.00 , 5.39 , -4.16 , 32.03
1 , 2 , 1 , 1.00 , 0.00 , -0.00 , -0.00 , -0.00 , 0.71 , -0.00 , 0.71 , -0.16 , 0.70 , -0.00 , 0.00 , 800.00 , 40.00 , 790.00 , 22.00 , 0.00 , 11795.43 , 0.00 , 9.90 , -0.02 , 7.27 , 4.40 , 21.68 , 799.99 , 44.35 , 804.36 , 99.92 , 0.00 , -0.00 , 3.63 , 11.42 , 1 , 0 , -0.01 , 4.35 , 14.36 , 77.92
1 , 2 , 1 , 1.00 , 0.00 , -0.00 , -0.00 , 1.00 , 0.00 , -0.00 , 0.00 , 0.35 , 0.94 , -0.00 , 0.00 , -0.00 , 40.00 , -10.00 , 22.00 , 0.00 , 11795.43 , 0.00 , 9.90 , -0.01 , 8.19 , -0.01 , 12.02 , -0.00 , 45.25 , -11.14 , 64.61 , 0.00 , 0.00 , -0.26 , 8.85 , 1 , 0 , -0.00 , 5.25 , -1.14 , 42.61
1 , 2 , 1 , 1.00 , 0.00 , -0.00 , -0.00 , 0.45 , 0.00 , 0.89 , 0.00 , -0.42 , -0.10 , -0.00 , 0.00 , 450.00 , 40.00 , 440.00 , 22.00 , 0.00 , 11795.43 , -0.06 , 9.42 , -0.00 , 8.34 , -0.48 , 8.22 , 450.00 , 45.36 , 425.72 , 37.52 , 0.00 , 0.00 , -3.22 , 2.58 , 1 , 0 , -0.00 , 5.36 , -14.28 , 15.52
1 , 2 , 1 , 1.00 , 0.00 , -0.00 , -0.00 , 0.36 , 0.00 , 0.93 , 0.00 , -0.19 , -0.11 , -0.00 , 0.00 , 500.00 , 40.00 , 490.00 , 22.00 , 0.00 , 11795.43 , 0.00 , 9.99 , -0.00 , 8.54 , -0.20 , 6.53 , 500.00 , 45.37 , 477.89 , 51.20 , -0.00 , 0.00 , -2.83 , 5.97 , 1 , 0 , -0.00 , 5.37 , -12.11 , 29.20
1 , 2 , 1 , 1.00 , 0.00 , -0.00 , -0.00 , 1.00 , 0.00 , 0.10 , 0.00 , 0.30 , 0.31 , -0.00 , 0.00 , 50.00 , 40.00 , 40.00 , 22.00 , 0.00 , 11795.43 , 0.00 , 9.90 , -0.04 , 8.11 , 0.03 , 13.56 , 50.00 , 45.16 , 40.76 , 34.39 , 0.00 , 0.00 , -0.36 , 0.29 , 1 , 0 , -0.00 , 5.16 , 0.76 , 12.39
1 , 2 , 1 , 1.00 , 0.00 , -0.00 , -0.00 , 0.88 , 0.00 , 0.48 , 0.00 , -0.43 , -0.79 , -0.00 , 0.00 , 250.00 , 40.00 , 240.00 , 22.00 , 0.00 , 11795.43 , -0.06 , 9.42 , -0.00 , 8.35 , 0.56 , 8.26 , 250.00 , 45.36 , 246.61 , 30.47 , -0.00 , -0.00 , -0.74 , -0.58 , 1 , 0 , 0.00 , 5.36 , 6.61 , 8.47
1 , 2 , 1 , 1.00 , 0.00 , -0.00 , -0.00 , 0.62 , 0.00 , 0.78 , 0.00 , -0.21 , -0.83 , -0.00 , 0.00 , 350.00 , 40.00 , 340.00 , 22.00 , 0.00 , 11795.43 , 0.00 , 9.90 , -0.00 , 8.23 , 0.30 , 10.57 , 350.00 , 45.26 , 347.21 , 35.23 , 0.00 , 0.00 , -0.60 , -0.31 , 1 , 0 , 0.00 , 5.26 , 7.21 , 13.23
1 , 2 , 1 , 1.00 , 0.00 , -0.00 , -0.00 , 0.96 , 0.00 , 0.30 , 0.00 , -0.94 , 0.33 , -0.00 , -0.00 , 150.00 , 40.00 , 140.00 , 22.00 , 0.00 , 11795.43 , 0.00 , 9.90 , -0.00 , 8.45 , -0.03 , 5.11 , 150.00 , 45.38 , 147.35 , 53.51 , 0.00 , 0.00 , 0.89 , 6.14 , 1 , 0 , -0.00 , 5.38 , 7.35 , 31.51
1 , 2 , 1 , 1.00 , 0.00 , -0.00 , -0.00 , 0.54 , 0.00 , 0.84 , 0.00 , 0.14 , -0.51 , -0.00 , 0.00 , 400.00 , 40.00 , 390.00 , 22.00 , 0.00 , 11795.43 , 0.00 , 9.99 , -0.00 , 8.10 , -1.38 , 10.87 , 399.99 , 45.10 , 390.16 , 39.13 , 0.00 , 0.00 , 0.88 , 0.44 , 1 , 0 , -0.01 , 5.10 , 0.15 , 17.13
1 , 2 , 1 , 1.00 , 0.00 , -0.00 , -0.00 , 0.07 , 0.00 , 1.00 , 0.00 , 0.02 , -0.96 , -0.00 , 0.00 , 700.00 , 40.00 , 690.00 , 22.00 , 0.00 , 11795.43 , 0.00 , 9.90 , -0.03 , 8.08 , -0.02 , 14.18 , 700.00 , 45.15 , 695.24 , 43.22 , 0.00 , -0.00 , 1.71 , 2.80 , 1 , 0 , -0.00 , 5.15 , 5.24 , 21.22
1 , 2 , 1 , 1.00 , 0.00 , -0.00 , -0.00 , 0.45 , 0.00 , 0.89 , 0.00 , 0.04 , -0.45 , -0.00 , 0.00 , 450.00 , 40.00 , 440.00 , 22.00 , 0.00 , 10477.24 , 0.00 , 8.85 , -0.00 , 7.17 , -0.54 , 7.08 , 450.00 , 44.23 , 427.50 , 34.13 , 0.00 , 0.00 , -2.79 , 2.04 , 1 , 0 , -0.00 , 4.23 , -12.50 , 12.12
1 , 2 , 1 , 1.00 , 0.00 , -0.00 , -0.00 , 1.00 , 0.00 , -0.00 , 0.00 , 0.26 , 0.97 , -0.00 , 0.00 , -0.00 , 40.00 , -10.00 , 22.00 , 0.00 , 10477.24 , 0.00 , 8.85 , -0.01 , 7.17 , -0.00 , 7.99 , -0.00 , 44.27 , -10.41 , 50.87 , 0.00 , 0.00 , -0.09 , 6.01 , 1 , 0 , -0.00 , 4.27 , -0.41 , 28.87
1 , 2 , 1 , 1.00 , 0.00 , -0.00 , -0.00 , 0.07 , 0.00 , 1.00 , 0.00 , 0.08 , 0.82 , -0.00 , 0.00 , 700.00 , 40.00 , 690.00 , 22.00 , 0.00 , 10477.24 , 0.00 , 8.85 , -0.04 , 6.95 , 0.01 , 12.16 , 700.00 , 44.06 , 681.95 , 30.08 , -0.00 , 0.00 , -1.62 , -0.61 , 1 , 0 , -0.00 , 4.06 , -8.05 , 8.08
1 , 2 , 1 , 1.00 , 0.00 , -0.00 , -0.00 , -0.00 , 0.71 , -0.00 , 0.71 , -0.57 , 0.78 , -0.00 , 0.00 , 800.00 , 40.00 , 790.00 , 22.00 , 0.00 , 10477.24 , 0.00 , 8.85 , -0.00 , 6.39 , 1.17 , 20.16 , 800.00 , 43.58 , 796.21 , 54.60 , 0.00 , 0.00 , -0.50 , 0.83 , 1 , 0 , 0.00 , 3.58 , 6.21 , 32.60
1 , 2 , 1 , 1.00 , 0.00 , -0.00 , -0.00 , 0.76 , 0.00 , 0.64 , 0.00 , -0.22 , 0.71 , -0.00 , 0.00 , 900.00 , 40.00 , 890.00 , 22.00 , 0.00 , 10477.24 , 0.00 , 8.85 , -0.00 , 7.03 , 0.24 , 10.20 , 900.00 , 44.12 , 893.65 , 29.94 , 0.00 , 0.00 , 0.86 , 0.08 , 1 , 0 , -0.00 , 4.12 , 3.65 , 7.94
1 , 2 , 1 , 1.00 , 0.00 , -0.00 , -0.00 , 0.54 , 0.00 , 0.84 , 0.00 , 0.48 , -0.47 , -0.00 , 0.00 , 400.00 , 40.00 , 390.00 , 22.00 , 0.00 , 10477.24 , 0.00 , 8.85 , -0.00 , 7.16 , -0.80 , 8.01 , 400.00 , 44.14 , 382.20 , 34.40 , -0.00 , 0.00 , -1.88 , 0.18 , 1 , 0 , -0.00 , 4.14 , -7.80 , 12.39
1 , 2 , 1 , 1.00 , 0.00 , -0.00 , -0.00 , -0.00 , 0.71 , -0.00 , 0.71 , -0.56 , 0.78 , -0.00 , 0.00 , 750.00 , 40.00 , 740.00 , 22.00 , 0.00 , 10477.24 , 0.00 , 8.85 , -0.01 , 6.48 , 1.17 , 20.16 , 750.00 , 43.58 , 746.13 , 54.55 , 0.00 , -0.00 , -0.55 , 0.80 , 1 , 0 , 0.00 , 3.58 , 6.13 , 32.55
1 , 2 , 1 , 1.00 , 0.00 , -0.00 , -0.00 , 0.36 , 0.00 , 0.93 , 0.00 , -0.02 , -0.02 , -0.00 , 0.00 , 500.00 , 40.00 , 490.00 , 22.00 , 0.00 , 10477.24 , 0.00 , 8.85 , -0.00 , 7.28 , -0.26 , 5.39 , 500.00 , 44.28 , 491.37 , 46.50 , -0.00 , 0.00 , 0.28 , 5.04 , 1 , 0 , -0.00 , 4.28 , 1.37 , 24.50
1 , 2 , 1 , 1.00 , 0.00 , -0.00 , -0.00 , 1.00 , 0.00 , 0.10 , 0.00 , 0.35 , 0.05 , -0.00 , 0.00 , 50.00 , 40.00 , 40.00 , 22.00 , 0.00 , 10477.24 , 0.00 , 8.85 , -0.05 , 6.90 , 0.01 , 13.04 , 50.00 , 44.05 , 39.58 , 34.48 , 0.00 , 0.00 , -0.58 , 0.65 , 1 , 0 , -0.00 , 4.05 , -0.42 , 12.48
1 , 2 , 1 , 1.00 , 0.00 , -0.00 , -0.00 , 0.27 , 0.00 , 0.96 , 0.00 , 0.08 , 0.02 , -0.00 , 0.00 , 550.00 , 40.00 , 540.00 , 22.00 , 0.00 , 10477.24 , 0.00 , 8.85 , -0.00 , 7.37 , -0.01 , 3.99 , 550.00 , 44.29 , 536.03 , 47.39 , 0.00 , -0.00 , -0.90 , 5.27 , 1 , 0 , -0.00 , 4.29 , -3.97 , 25.39
1 , 2 , 1 , 1.00 , 0.00 , -0.00 , -0.00 , 0.17 , 0.00 , 0.99 , 0.00 , 0.18 , 0.00 , -0.00 , 0.00 , 600.00 , 40.00 , 590.00 , 22.00 , 0.00 , 10477.24 , 0.00 , 8.85 , -0.03 , 7.17 , -0.09 , 7.80 , 599.99 , 44.01 , 553.19 , 92.46 , -0.00 , 0.00 , -3.11 , 10.66 , 1 , 0 , -0.01 , 4.01 , -36.81 , 70.46
1 , 2 , 1 , 1.00 , 0.00 , -0.00 , -0.00 , 0.83 , 0.00 , 0.56 , 0.00 , -0.04 , -0.52 , -0.00 , 0.00 , 850.00 , 40.00 , 840.00 , 22.00 , 0.00 , 10477.24 , 0.00 , 8.85 , -0.00 , 7.15 , 0.06 , 6.98 , 850.00 , 44.17 , 835.66 , 30.75 , 0.00 , 0.00 , -1.19 , 0.62 , 1 , 0 , -0.00 , 4.17 , -4.34 , 8.75
1 , 2 , 1 , 1.00 , 0.00 , -0.00 , -0.00 , 0.88 , 0.00 , 0.48 , 0.00 , -0.11 , 0.60 , -0.00 , 0.00 , 250.00 , 40.00 , 240.00 , 22.00 , 0.00 , 10477.24 , 0.00 , 8.85 , -0.00 , 7.26 , 0.53 , 7.09 , 250.00 , 44.06 , 242.37 , 31.88 , 0.00 , 0.00 , 0.25 , -0.06 , 1 , 0 , -0.00 , 4.06 , 2.37 , 9.88
1 , 2 , 1 , 1.00 , 0.00 , -0.00 , -0.00 , 0.92 , 0.00 , 0.39 , 0.00 , -0.15 , -0.98 , -0.00 , 0.00 , 200.00 , 40.00 , 190.00 , 22.00 , 0.00 , 10477.24 , 0.00 , 8.85 , -0.00 , 7.32 , 0.18 , 6.18 , 200.00 , 44.29 , 185.01 , 44.33 , 0.00 , 0.00 , -1.21 , 4.51 , 1 , 0 , -0.00 , 4.29 , -4.98 , 22.33
1 , 2 , 1 , 1.00 , 0.00 , -0.00 , -0.00 , 0.62 , 0.00 , 0.78 , 0.00 , 0.69 , 0.72 , -0.00 , 0.00 , 350.00 , 40.00 , 340.00 , 22.00 , 0.00 , 10477.24 , 0.00 , 8.85 , -0.00 , 7.09 , 0.40 , 9.24 , 350.00 , 44.09 , 336.54 , 47.72 , -0.00 , -0.00 , -1.12 , 4.50 , 1 , 0 , -0.00 , 4.09 , -3.46 , 25.72
1 , 2 , 1 , 1.00 , 0.00 , -0.00 , -0.00 , 0.70 , 0.00 , 0.72 , 0.00 , 0.69 , 0.23 , -0.00 , 0.00 , 300.00 , 40.00 , 290.00 , 22.00 , 0.00 , 10477.24 , 0.00 , 8.85 , -0.00 , 6.72 , -0.53 , 14.03 , 300.00 , 43.77 , 285.36 , 40.14 , 0.00 , 0.00 , -1.11 , 0.05 , 1 , 0 , -0.00 , 3.77 , -4.64 , 18.14
1 , 2 , 1 , 1.00 , 0.00 , -0.00 , -0.00 , 0.96 , 0.00 , 0.30 , 0.00 , 0.80 , 0.60 , -0.00 , 0.00 , 150.00 , 40.00 , 140.00 , 22.00 , 0.00 , 10477.24 , 0.00 , 8.85 , -0.00 , 7.45 , 0.08 , 4.13 , 150.00 , 44.27 , 144.78 , 48.92 , -0.00 , -0.00 , 1.09 , 5.62 , 1 , 0 , -0.00 , 4.27 , 4.78 , 26.92
1 , 2 , 1 , 1.00 , 0.00 , -0.00 , -0.00 , 0.98 , 0.00 , 0.20 , 0.00 , -0.04 , -0.99 , -0.00 , -0.00 , 100.00 , 40.00 , 90.00 , 22.00 , 0.00 , 10477.24 , 0.00 , 8.85 , -0.02 , 7.32 , 0.03 , 7.56 , 100.01 , 44.28 , 97.28 , 43.23 , 0.00 , 0.00 , 0.01 , 0.60 , 0 , 0 , 0.01 , 4.28 , 7.28 , 21.23
1 , 2 , 1 , 1.00 , 0.00 , -0.00 , -0.00 , 0.54 , 0.00 , 0.84 , 0.00 , 0.05 , -0.03 , -0.00 , 0.00 , 400.00 , 40.00 , 390.00 , 22.00 , 0.00 , 10263.90 , 0.00 , 8.66 , -0.00 , 7.09 , -0.61 , 7.78 , 400.00 , 43.98 , 390.80 , 42.62 , -0.00 , 0.00 , 0.44 , 3.52 , 1 , 0 , -0.00 , 3.98 , 0.80 , 20.61
1 , 2 , 1 , 1.00 , 0.00 , -0.00 , -0.00 , 0.17 , 0.00 , 0.99 , 0.00 , 0.09 , 0.40 , -0.00 , 0.00 , 600.00 , 40.00 , 590.00 , 22.00 , 0.00 , 10263.90 , 0.00 , 8.66 , -0.00 , 7.44 , -0.03 , 5.29 , 600.00 , 44.12 , 573.92 , 38.35 , 0.00 , -0.00 , -3.64 , 3.16 , 1 , 0 , -0.00 , 4.12 , -16.08 , 16.35
1 , 2 , 1 , 1.00 , 0.00 , -0.00 , -0.00 , -0.00 , 0.71 , -0.00 , 0.71 , 0.15 , 0.99 , -0.00 , 0.00 , 800.00 , 40.00 , 790.00 , 22.00 , 0.00 , 10263.90 , 0.00 , 8.66 , -0.01 , 6.35 , 1.16 , 17.71 , 799.99 , 43.40 , 796.29 , 84.29 , 0.00 , -0.00 , 1.45 , 11.42 , 1 , 0 , -0.01 , 3.40 , 6.29 , 62.29
1 , 2 , 1 , 1.00 , 0.00 , -0.00 , -0.00 , 0.70 , 0.00 , 0.72 , 0.00 , -0.61 , -0.02 , -0.00 , 0.00 , 300.00 , 40.00 , 290.00 , 22.00 , 0.00 , 10263.90 , 0.00 , 8.66 , 0.00 , 6.76 , 0.89 , 15.94 , 300.00 , 43.65 , 294.70 , 43.81 , -0.00 , 0.00 , 1.20 , 0.31 , 1 , 0 , -0.00 , 3.65 , 4.70 , 21.81
1 , 2 , 1 , 1.00 , 0.00 , -0.00 , -0.00 , 1.00 , 0.00 , -0.00 , 0.00 , 1.00 , -0.06 , -0.00 , 0.00 , -0.00 , 40.00 , -10.00 , 22.00 , 0.00 , 10263.90 , 0.00 , 8.66 , -0.00 , 6.50 , -0.01 , 6.58 , -0.00 , 44.13 , -10.33 , 47.91 , -0.00 , 0.00 , -0.07 , 5.37 , 1 , 0 , -0.00 , 4.13 , -0.33 , 25.91
1 , 2 , 1 , 1.00 , 0.00 , -0.00 , -0.00 , 0.27 , 0.00 , 0.96 , 0.00 , 0.20 , -0.24 , -0.00 , 0.00 , 550.00 , 40.00 , 540.00 , 22.00 , 0.00 , 10263.90 , 0.00 , 8.66 , -0.00 , 7.37 , -0.09 , 3.94 , 550.00 , 44.07 , 524.81 , 45.16 , 0.00 , 0.00 , -3.43 , 4.65 , 1 , 0 , -0.00 , 4.07 , -15.19 , 23.16
1 , 2 , 1 , 1.00 , 0.00 , -0.00 , -0.00 , 0.88 , 0.00 , 0.48 , 0.00 , -0.64 , -0.22 , -0.00 , 0.00 , 250.00 , 40.00 , 240.00 , 22.00 , 0.00 , 10263.90 , 0.00 , 8.66 , -0.00 , 7.18 , 0.53 , 6.93 , 250.00 , 43.91 , 246.09 , 30.53 , -0.00 , 0.00 , 1.26 , -0.11 , 1 , 0 , -0.00 , 3.91 , 6.09 , 8.53
1 , 2 , 1 , 1.00 , 0.00 , -0.00 , -0.00 , 0.92 , 0.00 , 0.39 , 0.00 , -0.34 , -0.93 , -0.00 , 0.00 , 200.00 , 40.00 , 190.00 , 22.00 , 0.00 , 10263.90 , 0.00 , 8.66 , -0.00 , 7.23 , 0.13 , 6.07 , 200.00 , 44.12 , 185.35 , 43.95 , -0.00 , 0.00 , -1.12 , 4.40 , 1 , 0 , -0.00 , 4.12 , -4.65 , 21.94
1 , 2 , 1 , 1.00 , 0.00 , -0.00 , -0.00 , -0.00 , 0.71 , -0.00 , 0.71 , 0.09 , 0.99 , -0.00 , 0.00 , 750.00 , 40.00 , 740.00 , 22.00 , 0.00 , 10263.90 , 0.00 , 8.66 , -0.01 , 6.35 , 1.16 , 17.71 , 749.99 , 43.40 , 746.30 , 84.40 , 0.00 , -0.00 , 1.45 , 11.42 , 1 , 0 , -0.01 , 3.40 , 6.30 , 62.40
1 , 2 , 1 , 1.00 , 0.00 , -0.00 , -0.00 , 0.07 , 0.00 , 1.00 , 0.00 , 0.04 , -0.27 , -0.00 , 0.00 , 700.00 , 40.00 , 690.00 , 22.00 , 0.00 , 10263.90 , 0.00 , 8.66 , -0.05 , 7.13 , -0.01 , 8.63 , 700.00 , 44.07 , 675.98 , 47.56 , 0.00 , 0.00 , -3.12 , 5.17 , 1 , 0 , -0.00 , 4.07 , -14.02 , 25.56
1 , 2 , 1 , 1.00 , 0.00 , -0.00 , -0.00 , 0.36 , 0.00 , 0.93 , 0.00 , -0.01 , -0.01 , -0.00 , 0.00 , 500.00 , 40.00 , 490.00 , 22.00 , 0.00 , 10263.90 , 0.00 , 8.66 , -0.00 , 7.28 , -0.22 , 5.36 , 500.00 , 44.10 , 490.73 , 46.80 , -0.00 , -0.00 , 0.14 , 5.09 , 1 , 0 , -0.00 , 4.10 , 0.73 , 24.80
1 , 2 , 1 , 1.00 , 0.00 , -0.00 , -0.00 , 0.62 , 0.00 , 0.78 , 0.00 , -0.15 , -0.93 , -0.00 , 0.00 , 350.00 , 40.00 , 340.00 , 22.00 , 0.00 , 10263.90 , 0.00 , 8.66 , -0.00 , 7.08 , 0.40 , 7.99 , 350.00 , 43.98 , 333.26 , 38.40 , -0.00 , -0.00 , -1.91 , 2.36 , 1 , 0 , -0.00 , 3.98 , -6.74 , 16.40
1 , 2 , 1 , 1.00 , 0.00 , -0.00 , -0.00 , 0.45 , 0.00 , 0.89 , 0.00 , 0.09 , -0.44 , -0.00 , 0.00 , 450.00 , 40.00 , 440.00 , 22.00 , 0.00 , 10263.90 , 0.00 , 8.66 , -0.00 , 7.17 , -0.46 , 7.08 , 450.00 , 44.06 , 427.66 , 33.90 , 0.00 , 0.00 , -2.73 , 2.00 , 1 , 0 , -0.00 , 4.06 , -12.34 , 11.90
1 , 2 , 1 , 1.00 , 0.00 , -0.00 , -0.00 , 0.76 , 0.00 , 0.64 , 0.00 , -0.47 , 0.87 , -0.00 , 0.00 , 900.00 , 40.00 , 890.00 , 22.00 , 0.00 , 10263.90 , 0.00 , 8.66 , -0.01 , 6.92 , -0.36 , 10.26 , 900.00 , 43.85 , 883.88 , 55.17 , -0.00 , 0.00 , -1.78 , 5.87 , 1 , 0 , -0.00 , 3.85 , -6.12 , 33.16
1 , 2 , 1 , 1.00 , 0.00 , -0.00 , -0.00 , 0.98 , 0.00 , 0.20 , 0.00 , 0.07 , 0.77 , -0.00 , 0.00 , 100.00 , 40.00 , 90.00 , 22.00 , 0.00 , 10263.90 , 0.00 , 8.66 , -0.00 , 7.44 , -0.01 , 2.67 , 100.00 , 43.89 , 83.88 , 78.30 , 0.00 , 0.00 , -0.75 , 11.85 , 1 , 0 , -0.00 , 3.89 , -6.12 , 56.30
1 , 2 , 1 , 1.00 , 0.00 , -0.00 , -0.00 , 1.00 , 0.00 , 0.10 , 0.00 , -0.17 , 0.17 , -0.00 , 0.00 , 50.00 , 40.00 , 40.00 , 22.00 , 0.00 , 10263.90 , 0.00 , 8.66 , -0.06 , 7.14 , -0.10 , 8.41 , 50.00 , 43.92 , 42.47 , 29.86 , 0.00 , 0.00 , 0.17 , -0.31 , 1 , 0 , -0.00 , 3.92 , 2.47 , 7.86
1 , 2 , 1 , 1.00 , 0.00 , -0.00 , -0.00 , 0.96 , 0.00 , 0.30 , 0.00 , 0.98 , 0.17 , -0.00 , 0.00 , 150.00 , 40.00 , 140.00 , 22.00 , 0.00 , 10263.90 , 0.00 , 8.66 , -0.00 , 7.36 , 0.12 , 4.07 , 150.00 , 44.10 , 143.11 , 48.27 , 0.00 , 0.00 , 0.69 , 5.42 , 1 , 0 , -0.00 , 4.10 , 3.11 , 26.27
1 , 2 , 1 , 1.00 , 0.00 , -0.00 , -0.00 , 0.83 , 0.00 , 0.56 , 0.00 , -0.09 , 0.36 , -0.00 , 0.00 , 850.00 , 40.00 , 840.00 , 22.00 , 0.00 , 10263.90 , 0.00 , 8.66 , -0.00 , 7.16 , -0.09 , 6.85 , 850.00 , 44.00 , 832.63 , 35.86 , 0.00 , -0.00 , -1.88 , 1.97 , 1 , 0 , -0.00 , 4.00 , -7.37 , 13.86
